;Database,COVE-SEAPRISM,,,,,,,,,,,,,,,,,,,,,,,,,,,,,
;Comments,Above water measurement Level 1.5 Screened data DATA USAGE: Due to the research and development phase characterizing AERONET Ocean Color. AOT869 was used for T865,,,,,,,,,,,,,,,,,,,,,,,,,,,,,
;Source,AERONET-Ocean Color Data Download,,,,,,,,,,,,,,,,,,,,,,,,,,,,,
;Acknowledgements,PI(s):Brent_Holben brent@aeronet.gsfc.nasa.gov,,,,,,,,,,,,,,,,,,,,,,,,,,,,,
;Reference,http://aeronet.gsfc.nasa.gov/cgi-bin/type_one_station_seaprism_new?site=COVE_SEAPRISM&nachal=2&level=2&place_code=10,,,,,,,,,,,,,,,,,,,,,,,,,,,,,
;Elevation,37.00m,,,,,,,,,,,,,,,,,,,,,,,,,,,,,
;Missing,NaN,,,,,,,,,,,,,,,,,,,,,,,,,,,,,
ID,DDS_ID,DDS_NAME,Year,Month,Date,Hour,Minute,Longitude,Latitude,Depth,Chla_hplc,Chla_fluor,Kd490,TSM,acdm443,bbp443,T865,exLwn412,exLwn443,exLwn490,exLwn510,exLwn531,exLwn555,exLwn620,exLwn670,exLwn681,exLwn709,Flag,Campaign,Comments
ID,number,dds_name,YYYY,MM,DD,hh,mm,decimal_degrees,decimal_degrees,metre,mg/m3,mg/m3,1/m,g/m3,1/m,1/m,None,mW/cm2/um/sr,mW/cm2/um/sr,mW/cm2/um/sr,mW/cm2/um/sr,mW/cm2/um/sr,mW/cm2/um/sr,mW/cm2/um/sr,mW/cm2/um/sr,mW/cm2/um/sr,mW/cm2/um/sr,BinaryCode,Cruisename,None
String,Integer,String,Long,Integer,Integer,Integer,Integer,Float,Float,Float,Double,Double,Double,Double,Double,Double,Double,Double,Double,Double,Double,Double,Double,Double,Double,Double,Double,Long,String,String
AS22-00001,22,COVE,2005,11,3,12,48,-75.71,36.9,0,NaN,3.386793,NaN,NaN,NaN,NaN,0.022831,0.168743,0.29399,0.758822,NaN,NaN,0.777897,NaN,0.165248,NaN,NaN,NA,AERONET_SEAPRISM,413_441_489_551_668_T869
AS22-00002,22,COVE,2005,11,3,13,18,-75.71,36.9,0,NaN,3.668441,NaN,NaN,NaN,NaN,0.023118,0.26448,0.418073,0.734405,NaN,NaN,0.804445,NaN,0.179142,NaN,NaN,NA,AERONET_SEAPRISM,413_441_489_551_668_T869
AS22-00003,22,COVE,2005,11,3,13,59,-75.71,36.9,0,NaN,4.342212,NaN,NaN,NaN,NaN,0.024453,0.343157,0.422269,0.718407,NaN,NaN,0.842686,NaN,0.170579,NaN,NaN,NA,AERONET_SEAPRISM,413_441_489_551_668_T869
AS22-00004,22,COVE,2005,11,3,14,20,-75.71,36.9,0,NaN,3.934105,NaN,NaN,NaN,NaN,0.026262,0.377433,0.459834,0.748376,NaN,NaN,0.84946,NaN,0.183345,NaN,NaN,NA,AERONET_SEAPRISM,413_441_489_551_668_T869
AS22-00005,22,COVE,2005,11,4,12,48,-75.71,36.9,0,NaN,6.611523,NaN,NaN,NaN,NaN,0.021953,0.044241,0.160592,0.407321,NaN,NaN,0.538629,NaN,0.207396,NaN,NaN,NA,AERONET_SEAPRISM,413_441_489_551_668_T869
AS22-00006,22,COVE,2005,11,4,14,20,-75.71,36.9,0,NaN,7.017895,NaN,NaN,NaN,NaN,0.024082,0.237033,0.260175,0.438008,NaN,NaN,0.615129,NaN,0.199343,NaN,NaN,NA,AERONET_SEAPRISM,413_441_489_551_668_T869
AS22-00007,22,COVE,2005,11,5,12,48,-75.71,36.9,0,NaN,7.610298,NaN,NaN,NaN,NaN,0.070837,0.125731,0.142754,0.536015,NaN,NaN,0.72724,NaN,0.188226,NaN,NaN,NA,AERONET_SEAPRISM,413_441_489_551_668_T869
AS22-00008,22,COVE,2005,11,6,12,50,-75.71,36.9,0,NaN,5.038161,NaN,NaN,NaN,NaN,0.05548,0.19826,0.22124,0.445821,NaN,NaN,0.543683,NaN,0.183191,NaN,NaN,NA,AERONET_SEAPRISM,413_441_489_551_668_T869
AS22-00009,22,COVE,2005,11,6,13,18,-75.71,36.9,0,NaN,4.927591,NaN,NaN,NaN,NaN,0.057325,0.174362,0.232124,0.508424,NaN,NaN,0.610177,NaN,0.157196,NaN,NaN,NA,AERONET_SEAPRISM,413_441_489_551_668_T869
AS22-00010,22,COVE,2005,11,6,13,59,-75.71,36.9,0,NaN,5.827904,NaN,NaN,NaN,NaN,0.055655,0.166298,0.270633,0.490206,NaN,NaN,0.637975,NaN,0.148968,NaN,NaN,NA,AERONET_SEAPRISM,413_441_489_551_668_T869
AS22-00011,22,COVE,2005,11,6,14,20,-75.71,36.9,0,NaN,6.037784,NaN,NaN,NaN,NaN,0.055927,0.238908,0.272376,0.532295,NaN,NaN,0.696483,NaN,0.176711,NaN,NaN,NA,AERONET_SEAPRISM,413_441_489_551_668_T869
AS22-00012,22,COVE,2005,11,7,13,18,-75.71,36.9,0,NaN,5.366176,NaN,NaN,NaN,NaN,0.034349,0.125191,0.252519,0.583139,NaN,NaN,0.719306,NaN,0.159121,NaN,NaN,NA,AERONET_SEAPRISM,413_441_489_551_668_T869
AS22-00013,22,COVE,2005,11,7,13,59,-75.71,36.9,0,NaN,5.059665,NaN,NaN,NaN,NaN,0.028559,0.21546,0.351157,0.604808,NaN,NaN,0.750733,NaN,0.129607,NaN,NaN,NA,AERONET_SEAPRISM,413_441_489_551_668_T869
AS22-00014,22,COVE,2005,11,7,14,20,-75.71,36.9,0,NaN,5.903816,NaN,NaN,NaN,NaN,0.027332,0.213615,0.35398,0.616126,NaN,NaN,0.809144,NaN,0.162619,NaN,NaN,NA,AERONET_SEAPRISM,413_441_489_551_668_T869
AS22-00015,22,COVE,2005,11,8,13,59,-75.71,36.9,0,NaN,3.819688,NaN,NaN,NaN,NaN,0.02233,0.126246,0.230001,0.426558,NaN,NaN,0.471912,NaN,0.078663,NaN,NaN,NA,AERONET_SEAPRISM,413_441_489_551_668_T869
AS22-00016,22,COVE,2005,11,8,14,20,-75.71,36.9,0,NaN,4.293106,NaN,NaN,NaN,NaN,0.022821,0.169049,0.199667,0.420404,NaN,NaN,0.480524,NaN,0.078256,NaN,NaN,NA,AERONET_SEAPRISM,413_441_489_551_668_T869
AS22-00017,22,COVE,2005,11,11,13,19,-75.71,36.9,0,NaN,6.307362,NaN,NaN,NaN,NaN,0.026513,-0.103562,0.047054,0.405114,NaN,NaN,0.497823,NaN,0.087594,NaN,NaN,NA,AERONET_SEAPRISM,413_441_489_551_668_T869
AS22-00018,22,COVE,2005,11,12,13,19,-75.71,36.9,0,NaN,5.100516,NaN,NaN,NaN,NaN,0.019732,-0.01783,0.055239,0.240732,NaN,NaN,0.279806,NaN,-0.000077,NaN,NaN,NA,AERONET_SEAPRISM,413_441_489_551_668_T869
AS22-00019,22,COVE,2005,11,12,14,1,-75.71,36.9,0,NaN,3.249412,NaN,NaN,NaN,NaN,0.020757,0.062207,0.135854,0.310811,NaN,NaN,0.316542,NaN,0.031899,NaN,NaN,NA,AERONET_SEAPRISM,413_441_489_551_668_T869
AS22-00020,22,COVE,2005,11,12,14,20,-75.71,36.9,0,NaN,3.409628,NaN,NaN,NaN,NaN,0.022996,0.13076,0.153058,0.32268,NaN,NaN,0.337324,NaN,0.040489,NaN,NaN,NA,AERONET_SEAPRISM,413_441_489_551_668_T869
AS22-00021,22,COVE,2005,11,13,13,19,-75.71,36.9,0,NaN,3.554023,NaN,NaN,NaN,NaN,0.021753,-0.004329,0.067174,0.275366,NaN,NaN,0.279552,NaN,0.015934,NaN,NaN,NA,AERONET_SEAPRISM,413_441_489_551_668_T869
AS22-00022,22,COVE,2005,11,13,14,1,-75.71,36.9,0,NaN,1.936695,NaN,NaN,NaN,NaN,0.020214,0.190171,0.280353,0.582459,NaN,NaN,0.485343,NaN,0.124717,NaN,NaN,NA,AERONET_SEAPRISM,413_441_489_551_668_T869
AS22-00023,22,COVE,2006,4,19,22,3,-75.71,36.9,0,NaN,1.888476,NaN,NaN,NaN,NaN,0.077613,1.558377,0.446312,0.482558,NaN,NaN,0.438188,NaN,0.280413,NaN,NaN,NA,AERONET_SEAPRISM,413_441_489_551_668_T869
AS22-00024,22,COVE,2006,4,20,12,35,-75.71,36.9,0,NaN,3.539752,NaN,NaN,NaN,NaN,0.062349,0.337321,0.508887,0.765933,NaN,NaN,0.899394,NaN,0.174387,NaN,NaN,NA,AERONET_SEAPRISM,413_441_489_551_668_T869
AS22-00025,22,COVE,2006,4,20,13,6,-75.71,36.9,0,NaN,3.208823,NaN,NaN,NaN,NaN,0.066826,0.383576,0.492676,0.783644,NaN,NaN,0.885913,NaN,0.173776,NaN,NaN,NA,AERONET_SEAPRISM,413_441_489_551_668_T869
AS22-00026,22,COVE,2006,4,20,14,13,-75.71,36.9,0,NaN,3.527705,NaN,NaN,NaN,NaN,0.062444,0.457594,0.55829,0.810324,NaN,NaN,0.949913,NaN,0.16118,NaN,NaN,NA,AERONET_SEAPRISM,413_441_489_551_668_T869
AS22-00027,22,COVE,2006,4,20,14,35,-75.71,36.9,0,NaN,3.430523,NaN,NaN,NaN,NaN,0.05621,0.442529,0.564182,0.826302,NaN,NaN,0.958213,NaN,0.172474,NaN,NaN,NA,AERONET_SEAPRISM,413_441_489_551_668_T869
AS22-00028,22,COVE,2006,4,20,15,7,-75.71,36.9,0,NaN,3.406231,NaN,NaN,NaN,NaN,0.056415,0.49559,0.588503,0.845371,NaN,NaN,0.97741,NaN,0.174099,NaN,NaN,NA,AERONET_SEAPRISM,413_441_489_551_668_T869
AS22-00029,22,COVE,2006,4,20,15,35,-75.71,36.9,0,NaN,3.475905,NaN,NaN,NaN,NaN,0.063789,0.503765,0.609229,0.852784,NaN,NaN,0.993557,NaN,0.174785,NaN,NaN,NA,AERONET_SEAPRISM,413_441_489_551_668_T869
AS22-00030,22,COVE,2006,4,22,15,7,-75.71,36.9,0,NaN,3.135339,NaN,NaN,NaN,NaN,0.246122,0.074352,0.601139,0.78448,NaN,NaN,0.877016,NaN,0.468791,NaN,NaN,NA,AERONET_SEAPRISM,413_441_489_551_668_T869
AS22-00031,22,COVE,2006,4,23,15,7,-75.71,36.9,0,NaN,5.104498,NaN,NaN,NaN,NaN,0.104353,0.484227,0.343758,0.681508,NaN,NaN,0.922785,NaN,0.206345,NaN,NaN,NA,AERONET_SEAPRISM,413_441_489_551_668_T869
AS22-00032,22,COVE,2006,4,23,15,34,-75.71,36.9,0,NaN,4.095863,NaN,NaN,NaN,NaN,0.096818,0.500648,0.283384,0.710966,NaN,NaN,0.886815,NaN,0.206733,NaN,NaN,NA,AERONET_SEAPRISM,413_441_489_551_668_T869
AS22-00033,22,COVE,2006,4,24,12,32,-75.71,36.9,0,NaN,5.251721,NaN,NaN,NaN,NaN,0.095584,0.35695,0.485446,0.646817,NaN,NaN,0.882014,NaN,0.205741,NaN,NaN,NA,AERONET_SEAPRISM,413_441_489_551_668_T869
AS22-00034,22,COVE,2006,4,24,13,2,-75.71,36.9,0,NaN,3.840997,NaN,NaN,NaN,NaN,0.089073,0.423185,0.464061,0.740339,NaN,NaN,0.897859,NaN,0.196113,NaN,NaN,NA,AERONET_SEAPRISM,413_441_489_551_668_T869
AS22-00035,22,COVE,2006,4,24,13,34,-75.71,36.9,0,NaN,18.4759,NaN,NaN,NaN,NaN,0.089892,0.461758,0.553968,0.468846,NaN,NaN,0.988781,NaN,0.200782,NaN,NaN,NA,AERONET_SEAPRISM,413_441_489_551_668_T869
AS22-00036,22,COVE,2006,4,24,14,13,-75.71,36.9,0,NaN,11.495831,NaN,NaN,NaN,NaN,0.085126,0.489006,0.547174,0.526112,NaN,NaN,0.947044,NaN,0.18452,NaN,NaN,NA,AERONET_SEAPRISM,413_441_489_551_668_T869
AS22-00037,22,COVE,2006,4,24,14,34,-75.71,36.9,0,NaN,4.357616,NaN,NaN,NaN,NaN,0.104353,0.493693,0.26777,0.661351,NaN,NaN,0.844656,NaN,0.026167,NaN,NaN,NA,AERONET_SEAPRISM,413_441_489_551_668_T869
AS22-00038,22,COVE,2006,4,25,14,34,-75.71,36.9,0,NaN,4.678403,NaN,NaN,NaN,NaN,0.114402,0.410133,0.187758,0.522918,NaN,NaN,0.686603,NaN,0.158304,NaN,NaN,NA,AERONET_SEAPRISM,413_441_489_551_668_T869
AS22-00039,22,COVE,2006,4,25,15,7,-75.71,36.9,0,NaN,4.061205,NaN,NaN,NaN,NaN,0.130736,0.523,0.338121,0.671854,NaN,NaN,0.834018,NaN,0.157377,NaN,NaN,NA,AERONET_SEAPRISM,413_441_489_551_668_T869
AS22-00040,22,COVE,2006,4,28,14,10,-75.71,36.9,0,NaN,6.274791,NaN,NaN,NaN,NaN,0.113912,0.537302,0.621015,0.556809,NaN,NaN,0.806764,NaN,0.176913,NaN,NaN,NA,AERONET_SEAPRISM,413_441_489_551_668_T869
AS22-00041,22,COVE,2006,5,6,15,5,-75.71,36.9,0,NaN,4.773521,NaN,NaN,NaN,NaN,0.160702,0.382801,0.813762,1.338164,NaN,NaN,1.764039,NaN,0.326234,NaN,NaN,NA,AERONET_SEAPRISM,413_441_489_551_668_T869
AS22-00042,22,COVE,2006,5,6,15,33,-75.71,36.9,0,NaN,4.267935,NaN,NaN,NaN,NaN,0.152822,0.369526,0.912756,1.368212,NaN,NaN,1.726962,NaN,0.319826,NaN,NaN,NA,AERONET_SEAPRISM,413_441_489_551_668_T869
AS22-00043,22,COVE,2006,5,10,14,11,-75.71,36.9,0,NaN,3.185379,NaN,NaN,NaN,NaN,0.060783,0.863859,0.944028,1.395208,NaN,NaN,1.57163,NaN,0.291869,NaN,NaN,NA,AERONET_SEAPRISM,413_441_489_551_668_T869
AS22-00044,22,COVE,2006,5,10,14,32,-75.71,36.9,0,NaN,3.130047,NaN,NaN,NaN,NaN,0.06029,0.852182,0.937411,1.409516,NaN,NaN,1.577068,NaN,0.295387,NaN,NaN,NA,AERONET_SEAPRISM,413_441_489_551_668_T869
AS22-00045,22,COVE,2006,5,10,15,33,-75.71,36.9,0,NaN,5.625248,NaN,NaN,NaN,NaN,0.061274,0.816824,1.038551,1.261011,NaN,NaN,1.7623,NaN,0.294384,NaN,NaN,NA,AERONET_SEAPRISM,413_441_489_551_668_T869
AS22-00046,22,COVE,2006,5,12,11,31,-75.71,36.9,0,NaN,3.295586,NaN,NaN,NaN,NaN,0.037694,0.60464,0.747252,1.307167,NaN,NaN,1.494605,NaN,0.308233,NaN,NaN,NA,AERONET_SEAPRISM,413_441_489_551_668_T869
AS22-00047,22,COVE,2006,5,12,12,1,-75.71,36.9,0,NaN,3.612767,NaN,NaN,NaN,NaN,0.037355,0.665961,0.759167,1.238927,NaN,NaN,1.467537,NaN,0.313205,NaN,NaN,NA,AERONET_SEAPRISM,413_441_489_551_668_T869
AS22-00048,22,COVE,2006,5,12,12,31,-75.71,36.9,0,NaN,2.839219,NaN,NaN,NaN,NaN,0.037124,0.76533,0.857522,1.351167,NaN,NaN,1.455,NaN,0.336479,NaN,NaN,NA,AERONET_SEAPRISM,413_441_489_551_668_T869
AS22-00049,22,COVE,2006,5,12,13,1,-75.71,36.9,0,NaN,3.718396,NaN,NaN,NaN,NaN,0.043729,0.750673,0.902837,1.344559,NaN,NaN,1.609216,NaN,0.31301,NaN,NaN,NA,AERONET_SEAPRISM,413_441_489_551_668_T869
AS22-00050,22,COVE,2006,5,12,13,32,-75.71,36.9,0,NaN,3.523029,NaN,NaN,NaN,NaN,0.042725,0.734963,0.934437,1.379868,NaN,NaN,1.61701,NaN,0.312755,NaN,NaN,NA,AERONET_SEAPRISM,413_441_489_551_668_T869
AS22-00051,22,COVE,2006,5,12,14,11,-75.71,36.9,0,NaN,3.269936,NaN,NaN,NaN,NaN,0.038337,0.748568,0.978249,1.439759,NaN,NaN,1.638568,NaN,0.299211,NaN,NaN,NA,AERONET_SEAPRISM,413_441_489_551_668_T869
AS22-00052,22,COVE,2006,5,12,14,32,-75.71,36.9,0,NaN,3.462461,NaN,NaN,NaN,NaN,0.036676,0.825863,0.937014,1.403855,NaN,NaN,1.634245,NaN,0.318896,NaN,NaN,NA,AERONET_SEAPRISM,413_441_489_551_668_T869
AS22-00053,22,COVE,2006,5,12,15,5,-75.71,36.9,0,NaN,3.468078,NaN,NaN,NaN,NaN,0.03689,0.85984,0.953412,1.43219,NaN,NaN,1.668331,NaN,0.304208,NaN,NaN,NA,AERONET_SEAPRISM,413_441_489_551_668_T869
AS22-00054,22,COVE,2006,5,12,15,33,-75.71,36.9,0,NaN,3.178864,NaN,NaN,NaN,NaN,0.03651,0.828847,1.054515,1.475705,NaN,NaN,1.660039,NaN,0.330053,NaN,NaN,NA,AERONET_SEAPRISM,413_441_489_551_668_T869
AS22-00055,22,COVE,2006,5,12,16,5,-75.71,36.9,0,NaN,3.283423,NaN,NaN,NaN,NaN,0.038292,0.803176,1.029041,1.435088,NaN,NaN,1.634996,NaN,0.305298,NaN,NaN,NA,AERONET_SEAPRISM,413_441_489_551_668_T869
AS22-00056,22,COVE,2006,5,13,12,1,-75.71,36.9,0,NaN,2.971636,NaN,NaN,NaN,NaN,0.044323,0.58229,0.75369,1.217694,NaN,NaN,1.335598,NaN,0.246338,NaN,NaN,NA,AERONET_SEAPRISM,413_441_489_551_668_T869
AS22-00057,22,COVE,2006,5,13,12,31,-75.71,36.9,0,NaN,3.611928,NaN,NaN,NaN,NaN,0.048894,0.722399,0.821155,1.249093,NaN,NaN,1.478478,NaN,0.278811,NaN,NaN,NA,AERONET_SEAPRISM,413_441_489_551_668_T869
AS22-00058,22,COVE,2006,5,13,13,1,-75.71,36.9,0,NaN,3.276271,NaN,NaN,NaN,NaN,0.052938,0.747575,0.885757,1.283315,NaN,NaN,1.461403,NaN,0.293822,NaN,NaN,NA,AERONET_SEAPRISM,413_441_489_551_668_T869
AS22-00059,22,COVE,2006,5,13,13,32,-75.71,36.9,0,NaN,3.166039,NaN,NaN,NaN,NaN,0.049438,0.73389,0.906785,1.385753,NaN,NaN,1.557741,NaN,0.286977,NaN,NaN,NA,AERONET_SEAPRISM,413_441_489_551_668_T869
AS22-00060,22,COVE,2006,5,13,14,11,-75.71,36.9,0,NaN,3.546912,NaN,NaN,NaN,NaN,0.055144,0.765338,0.912882,1.320503,NaN,NaN,1.551206,NaN,0.277632,NaN,NaN,NA,AERONET_SEAPRISM,413_441_489_551_668_T869
AS22-00061,22,COVE,2006,5,13,14,32,-75.71,36.9,0,NaN,5.623315,NaN,NaN,NaN,NaN,0.058803,0.758338,0.94706,1.131008,NaN,NaN,1.580095,NaN,0.291449,NaN,NaN,NA,AERONET_SEAPRISM,413_441_489_551_668_T869
AS22-00062,22,COVE,2006,5,13,15,5,-75.71,36.9,0,NaN,5.421763,NaN,NaN,NaN,NaN,0.058567,0.797646,0.647995,1.13621,NaN,NaN,1.572075,NaN,0.277896,NaN,NaN,NA,AERONET_SEAPRISM,413_441_489_551_668_T869
AS22-00063,22,COVE,2006,5,13,15,32,-75.71,36.9,0,NaN,3.098062,NaN,NaN,NaN,NaN,0.06823,0.847625,0.722779,1.252208,NaN,NaN,1.39718,NaN,0.272619,NaN,NaN,NA,AERONET_SEAPRISM,413_441_489_551_668_T869
AS22-00064,22,COVE,2006,5,13,16,5,-75.71,36.9,0,NaN,2.953747,NaN,NaN,NaN,NaN,0.071308,0.823997,0.738384,1.25187,NaN,NaN,1.370376,NaN,0.275557,NaN,NaN,NA,AERONET_SEAPRISM,413_441_489_551_668_T869
AS22-00065,22,COVE,2006,5,14,11,31,-75.71,36.9,0,NaN,3.575715,NaN,NaN,NaN,NaN,0.083749,0.525359,0.681775,1.078601,NaN,NaN,1.272147,NaN,0.197828,NaN,NaN,NA,AERONET_SEAPRISM,413_441_489_551_668_T869
AS22-00066,22,COVE,2006,5,14,12,2,-75.71,36.9,0,NaN,2.978391,NaN,NaN,NaN,NaN,0.088856,0.555457,0.742798,1.142894,NaN,NaN,1.254116,NaN,0.22312,NaN,NaN,NA,AERONET_SEAPRISM,413_441_489_551_668_T869
AS22-00067,22,COVE,2006,5,14,12,31,-75.71,36.9,0,NaN,2.770058,NaN,NaN,NaN,NaN,0.087403,0.605691,0.801056,1.224172,NaN,NaN,1.304939,NaN,0.212126,NaN,NaN,NA,AERONET_SEAPRISM,413_441_489_551_668_T869
AS22-00068,22,COVE,2006,5,14,13,1,-75.71,36.9,0,NaN,9.517399,NaN,NaN,NaN,NaN,0.093196,0.604517,0.850451,0.807566,NaN,NaN,1.36064,NaN,0.213352,NaN,NaN,NA,AERONET_SEAPRISM,413_441_489_551_668_T869
AS22-00069,22,COVE,2006,5,14,13,32,-75.71,36.9,0,NaN,7.262554,NaN,NaN,NaN,NaN,0.090027,0.733673,0.865958,0.895742,NaN,NaN,1.371965,NaN,0.229988,NaN,NaN,NA,AERONET_SEAPRISM,413_441_489_551_668_T869
AS22-00070,22,COVE,2006,5,14,14,11,-75.71,36.9,0,NaN,2.642259,NaN,NaN,NaN,NaN,0.090845,0.694537,0.608661,1.176542,NaN,NaN,1.233098,NaN,0.25765,NaN,NaN,NA,AERONET_SEAPRISM,413_441_489_551_668_T869
AS22-00071,22,COVE,2006,5,15,14,32,-75.71,36.9,0,NaN,8.052294,NaN,NaN,NaN,NaN,0.062306,0.607159,0.762799,0.831703,NaN,NaN,1.323118,NaN,0.252105,NaN,NaN,NA,AERONET_SEAPRISM,413_441_489_551_668_T869
AS22-00072,22,COVE,2006,5,16,13,1,-75.71,36.9,0,NaN,4.32534,NaN,NaN,NaN,NaN,0.043374,0.563287,0.648352,0.996118,NaN,NaN,1.264043,NaN,0.204484,NaN,NaN,NA,AERONET_SEAPRISM,413_441_489_551_668_T869
AS22-00073,22,COVE,2006,5,16,13,32,-75.71,36.9,0,NaN,4.187984,NaN,NaN,NaN,NaN,0.041177,0.615621,0.729979,1.051577,NaN,NaN,1.317204,NaN,0.259941,NaN,NaN,NA,AERONET_SEAPRISM,413_441_489_551_668_T869
AS22-00074,22,COVE,2006,5,17,11,32,-75.71,36.9,0,NaN,3.737905,NaN,NaN,NaN,NaN,0.066971,0.54792,0.71262,0.942134,NaN,NaN,1.128464,NaN,0.223509,NaN,NaN,NA,AERONET_SEAPRISM,413_441_489_551_668_T869
AS22-00075,22,COVE,2006,5,17,12,1,-75.71,36.9,0,NaN,3.454155,NaN,NaN,NaN,NaN,0.068757,0.571723,0.738153,0.997393,NaN,NaN,1.158753,NaN,0.28765,NaN,NaN,NA,AERONET_SEAPRISM,413_441_489_551_668_T869
AS22-00076,22,COVE,2006,5,17,12,31,-75.71,36.9,0,NaN,3.132433,NaN,NaN,NaN,NaN,0.070524,0.596962,0.727791,1.007887,NaN,NaN,1.127093,NaN,0.227741,NaN,NaN,NA,AERONET_SEAPRISM,413_441_489_551_668_T869
AS22-00077,22,COVE,2006,5,17,13,1,-75.71,36.9,0,NaN,3.165955,NaN,NaN,NaN,NaN,0.070924,0.547942,0.690144,1.046523,NaN,NaN,1.176308,NaN,0.222146,NaN,NaN,NA,AERONET_SEAPRISM,413_441_489_551_668_T869
AS22-00078,22,COVE,2006,5,17,13,32,-75.71,36.9,0,NaN,3.42267,NaN,NaN,NaN,NaN,0.067265,0.564146,0.701508,1.049775,NaN,NaN,1.216529,NaN,0.225976,NaN,NaN,NA,AERONET_SEAPRISM,413_441_489_551_668_T869
AS22-00079,22,COVE,2006,5,17,14,11,-75.71,36.9,0,NaN,6.592479,NaN,NaN,NaN,NaN,0.072437,0.589128,0.369061,0.831757,NaN,NaN,1.23933,NaN,0.215349,NaN,NaN,NA,AERONET_SEAPRISM,413_441_489_551_668_T869
AS22-00080,22,COVE,2006,5,17,14,33,-75.71,36.9,0,NaN,3.097848,NaN,NaN,NaN,NaN,0.074564,0.744923,0.53268,1.028622,NaN,NaN,1.148676,NaN,0.240258,NaN,NaN,NA,AERONET_SEAPRISM,413_441_489_551_668_T869
AS22-00081,22,COVE,2006,5,17,15,5,-75.71,36.9,0,NaN,3.155742,NaN,NaN,NaN,NaN,0.076479,0.75863,0.626612,1.096271,NaN,NaN,1.232241,NaN,0.261554,NaN,NaN,NA,AERONET_SEAPRISM,413_441_489_551_668_T869
AS22-00082,22,COVE,2006,5,17,15,33,-75.71,36.9,0,NaN,3.595328,NaN,NaN,NaN,NaN,0.080068,0.760005,0.610297,1.135932,NaN,NaN,1.344491,NaN,0.276526,NaN,NaN,NA,AERONET_SEAPRISM,413_441_489_551_668_T869
AS22-00083,22,COVE,2006,5,18,11,31,-75.71,36.9,0,NaN,4.072224,NaN,NaN,NaN,NaN,0.086085,0.516208,0.581045,0.951673,NaN,NaN,1.180752,NaN,0.306951,NaN,NaN,NA,AERONET_SEAPRISM,413_441_489_551_668_T869
AS22-00084,22,COVE,2006,5,18,12,1,-75.71,36.9,0,NaN,5.376563,NaN,NaN,NaN,NaN,0.103279,0.627152,0.618931,0.934793,NaN,NaN,1.287621,NaN,0.309329,NaN,NaN,NA,AERONET_SEAPRISM,413_441_489_551_668_T869
AS22-00085,22,COVE,2006,5,18,12,31,-75.71,36.9,0,NaN,5.091179,NaN,NaN,NaN,NaN,0.080556,0.566402,0.613514,0.977182,NaN,NaN,1.319453,NaN,0.30608,NaN,NaN,NA,AERONET_SEAPRISM,413_441_489_551_668_T869
AS22-00086,22,COVE,2006,5,18,13,1,-75.71,36.9,0,NaN,4.362657,NaN,NaN,NaN,NaN,0.072046,0.612533,0.68285,1.018177,NaN,NaN,1.295905,NaN,0.300883,NaN,NaN,NA,AERONET_SEAPRISM,413_441_489_551_668_T869
AS22-00087,22,COVE,2006,5,18,13,33,-75.71,36.9,0,NaN,4.615207,NaN,NaN,NaN,NaN,0.070634,0.466839,0.649672,1.009544,NaN,NaN,1.313256,NaN,0.312124,NaN,NaN,NA,AERONET_SEAPRISM,413_441_489_551_668_T869
AS22-00088,22,COVE,2006,5,18,14,11,-75.71,36.9,0,NaN,4.92454,NaN,NaN,NaN,NaN,0.067523,0.634705,0.664085,1.057139,NaN,NaN,1.409646,NaN,0.288356,NaN,NaN,NA,AERONET_SEAPRISM,413_441_489_551_668_T869
AS22-00089,22,COVE,2006,5,18,15,33,-75.71,36.9,0,NaN,9.001633,NaN,NaN,NaN,NaN,0.065225,0.59345,0.435688,0.85671,NaN,NaN,1.426658,NaN,0.299648,NaN,NaN,NA,AERONET_SEAPRISM,413_441_489_551_668_T869
AS22-00090,22,COVE,2006,5,19,11,2,-75.71,36.9,0,NaN,6.847176,NaN,NaN,NaN,NaN,0.03398,0.356451,0.490181,0.780057,NaN,NaN,1.175312,NaN,0.158745,NaN,NaN,NA,AERONET_SEAPRISM,413_441_489_551_668_T869
AS22-00091,22,COVE,2006,5,19,12,31,-75.71,36.9,0,NaN,2.896494,NaN,NaN,NaN,NaN,0.041856,0.530476,0.670233,1.055106,NaN,NaN,1.145262,NaN,0.344984,NaN,NaN,NA,AERONET_SEAPRISM,413_441_489_551_668_T869
AS22-00092,22,COVE,2006,5,25,15,33,-75.71,36.9,0,NaN,3.05265,NaN,NaN,NaN,NaN,0.294647,0.371478,0.889371,1.238635,NaN,NaN,1.371148,NaN,0.304293,NaN,NaN,NA,AERONET_SEAPRISM,413_441_489_551_668_T869
AS22-00093,22,COVE,2006,5,27,13,33,-75.71,36.9,0,NaN,3.107859,NaN,NaN,NaN,NaN,0.083332,0.548266,0.624756,0.881121,NaN,NaN,0.982459,NaN,0.214656,NaN,NaN,NA,AERONET_SEAPRISM,413_441_489_551_668_T869
AS22-00094,22,COVE,2006,5,27,14,33,-75.71,36.9,0,NaN,3.050825,NaN,NaN,NaN,NaN,0.08705,0.669211,0.360941,0.783956,NaN,NaN,0.8709,NaN,0.235064,NaN,NaN,NA,AERONET_SEAPRISM,413_441_489_551_668_T869
AS22-00095,22,COVE,2006,6,20,15,10,-75.71,36.9,0,NaN,5.61432,NaN,NaN,NaN,NaN,0.148995,-0.01221,0.444446,0.733931,NaN,NaN,1.028233,NaN,0.167461,NaN,NaN,NA,AERONET_SEAPRISM,413_441_489_551_668_T869
AS22-00096,22,COVE,2006,6,21,11,46,-75.71,36.9,0,NaN,3.22932,NaN,NaN,NaN,NaN,0.108335,0.249641,0.217116,0.642453,NaN,NaN,0.731223,NaN,0.185042,NaN,NaN,NA,AERONET_SEAPRISM,413_441_489_551_668_T869
AS22-00097,22,COVE,2006,6,21,12,6,-75.71,36.9,0,NaN,2.207833,NaN,NaN,NaN,NaN,0.108114,0.354621,0.313245,0.717379,NaN,NaN,0.699822,NaN,0.17907,NaN,NaN,NA,AERONET_SEAPRISM,413_441_489_551_668_T869
AS22-00098,22,COVE,2006,6,21,12,36,-75.71,36.9,0,NaN,46.491299,NaN,NaN,NaN,NaN,0.116359,0.379991,0.439264,0.264899,NaN,NaN,0.743309,NaN,0.173698,NaN,NaN,NA,AERONET_SEAPRISM,413_441_489_551_668_T869
AS22-00099,22,COVE,2006,6,21,13,38,-75.71,36.9,0,NaN,3.658989,NaN,NaN,NaN,NaN,0.170078,0.464828,0.168901,0.566965,NaN,NaN,0.678026,NaN,0.01955,NaN,NaN,NA,AERONET_SEAPRISM,413_441_489_551_668_T869
AS22-00100,22,COVE,2006,6,22,11,6,-75.71,36.9,0,NaN,6.11995,NaN,NaN,NaN,NaN,0.166607,0.117268,0.260635,0.407349,NaN,NaN,0.588912,NaN,0.173635,NaN,NaN,NA,AERONET_SEAPRISM,413_441_489_551_668_T869
AS22-00101,22,COVE,2006,6,22,12,6,-75.71,36.9,0,NaN,1142.800148,NaN,NaN,NaN,NaN,0.152626,0.274856,0.429544,0.122281,NaN,NaN,0.791984,NaN,0.192679,NaN,NaN,NA,AERONET_SEAPRISM,413_441_489_551_668_T869
AS22-00102,22,COVE,2006,6,22,13,10,-75.71,36.9,0,NaN,5.046108,NaN,NaN,NaN,NaN,0.153664,0.413396,0.003851,0.471319,NaN,NaN,0.640043,NaN,0.236921,NaN,NaN,NA,AERONET_SEAPRISM,413_441_489_551_668_T869
AS22-00103,22,COVE,2006,6,22,13,38,-75.71,36.9,0,NaN,4.707977,NaN,NaN,NaN,NaN,0.154923,0.488574,0.1274,0.581041,NaN,NaN,0.766303,NaN,0.031574,NaN,NaN,NA,AERONET_SEAPRISM,413_441_489_551_668_T869
AS22-00104,22,COVE,2006,6,22,14,16,-75.71,36.9,0,NaN,4.77022,NaN,NaN,NaN,NaN,0.165996,-0.08535,0.322023,0.65008,NaN,NaN,0.858161,NaN,0.108863,NaN,NaN,NA,AERONET_SEAPRISM,413_441_489_551_668_T869
AS22-00105,22,COVE,2006,6,22,14,38,-75.71,36.9,0,NaN,5.557352,NaN,NaN,NaN,NaN,0.171838,-0.035151,0.412447,0.671239,NaN,NaN,0.936719,NaN,0.114749,NaN,NaN,NA,AERONET_SEAPRISM,413_441_489_551_668_T869
AS22-00106,22,COVE,2006,6,22,15,10,-75.71,36.9,0,NaN,3.215982,NaN,NaN,NaN,NaN,0.167293,0.155203,0.543488,0.865721,NaN,NaN,0.979574,NaN,0.165057,NaN,NaN,NA,AERONET_SEAPRISM,413_441_489_551_668_T869
AS22-00107,22,COVE,2006,6,24,12,6,-75.71,36.9,0,NaN,3.475994,NaN,NaN,NaN,NaN,0.092585,0.206032,0.337077,0.391177,NaN,NaN,0.45477,NaN,0.09852,NaN,NaN,NA,AERONET_SEAPRISM,413_441_489_551_668_T869
AS22-00108,22,COVE,2006,6,24,12,36,-75.71,36.9,0,NaN,2.620072,NaN,NaN,NaN,NaN,0.089915,0.094357,0.180382,0.532353,NaN,NaN,0.557506,NaN,0.102557,NaN,NaN,NA,AERONET_SEAPRISM,413_441_489_551_668_T869
AS22-00109,22,COVE,2006,6,30,13,12,-75.71,36.9,0,NaN,3.333041,NaN,NaN,NaN,NaN,0.221681,0.585577,0.249994,0.689226,NaN,NaN,0.793984,NaN,0.08843,NaN,NaN,NA,AERONET_SEAPRISM,413_441_489_551_668_T869
AS22-00110,22,COVE,2006,6,30,13,39,-75.71,36.9,0,NaN,3.480076,NaN,NaN,NaN,NaN,0.244995,-0.272044,0.306642,0.741088,NaN,NaN,0.867639,NaN,0.131765,NaN,NaN,NA,AERONET_SEAPRISM,413_441_489_551_668_T869
AS22-00111,22,COVE,2006,6,30,14,18,-75.71,36.9,0,NaN,4.730846,NaN,NaN,NaN,NaN,0.211357,0.000039,0.39101,0.654203,NaN,NaN,0.859611,NaN,0.16634,NaN,NaN,NA,AERONET_SEAPRISM,413_441_489_551_668_T869
AS22-00112,22,COVE,2006,6,30,14,39,-75.71,36.9,0,NaN,2.942914,NaN,NaN,NaN,NaN,0.219045,0.018992,0.508482,0.86831,NaN,NaN,0.949178,NaN,0.173284,NaN,NaN,NA,AERONET_SEAPRISM,413_441_489_551_668_T869
AS22-00113,22,COVE,2006,6,30,15,12,-75.71,36.9,0,NaN,2.605622,NaN,NaN,NaN,NaN,0.186107,0.168276,0.551397,0.900023,NaN,NaN,0.936693,NaN,0.154902,NaN,NaN,NA,AERONET_SEAPRISM,413_441_489_551_668_T869
AS22-00114,22,COVE,2006,6,30,15,39,-75.71,36.9,0,NaN,3.048803,NaN,NaN,NaN,NaN,0.184993,0.229604,0.646766,0.984467,NaN,NaN,1.09022,NaN,0.13803,NaN,NaN,NA,AERONET_SEAPRISM,413_441_489_551_668_T869
AS22-00115,22,COVE,2006,6,30,16,12,-75.71,36.9,0,NaN,2.855114,NaN,NaN,NaN,NaN,0.194093,0.253585,0.645138,1.012507,NaN,NaN,1.092706,NaN,0.173824,NaN,NaN,NA,AERONET_SEAPRISM,413_441_489_551_668_T869
AS22-00116,22,COVE,2006,7,1,14,40,-75.71,36.9,0,NaN,7.296019,NaN,NaN,NaN,NaN,0.115752,-0.088444,0.392999,0.79295,NaN,NaN,1.224989,NaN,0.203444,NaN,NaN,NA,AERONET_SEAPRISM,413_441_489_551_668_T869
AS22-00117,22,COVE,2006,7,1,15,12,-75.71,36.9,0,NaN,5.221273,NaN,NaN,NaN,NaN,0.122865,0.009573,0.478957,0.869258,NaN,NaN,1.186225,NaN,0.213329,NaN,NaN,NA,AERONET_SEAPRISM,413_441_489_551_668_T869
AS22-00118,22,COVE,2006,7,1,15,40,-75.71,36.9,0,NaN,6.066333,NaN,NaN,NaN,NaN,0.133914,0.078223,0.375683,0.851523,NaN,NaN,1.230647,NaN,0.222195,NaN,NaN,NA,AERONET_SEAPRISM,413_441_489_551_668_T869
AS22-00119,22,COVE,2006,7,1,16,12,-75.71,36.9,0,NaN,4.792162,NaN,NaN,NaN,NaN,0.130028,0.140937,0.511769,0.89945,NaN,NaN,1.188132,NaN,0.203886,NaN,NaN,NA,AERONET_SEAPRISM,413_441_489_551_668_T869
AS22-00120,22,COVE,2006,7,3,15,40,-75.71,36.9,0,NaN,5.329042,NaN,NaN,NaN,NaN,0.206047,0.319655,0.642758,1.112611,NaN,NaN,1.52937,NaN,0.370359,NaN,NaN,NA,AERONET_SEAPRISM,413_441_489_551_668_T869
AS22-00121,22,COVE,2006,7,3,16,12,-75.71,36.9,0,NaN,4.395786,NaN,NaN,NaN,NaN,0.221361,0.362271,0.737291,1.1728,NaN,NaN,1.497942,NaN,0.427403,NaN,NaN,NA,AERONET_SEAPRISM,413_441_489_551_668_T869
AS22-00122,22,COVE,2006,7,13,13,16,-75.71,36.9,0,NaN,8.13368,NaN,NaN,NaN,NaN,0.180883,0.458752,0.057294,0.486518,NaN,NaN,0.785912,NaN,0.162075,NaN,NaN,NA,AERONET_SEAPRISM,413_441_489_551_668_T869
AS22-00123,22,COVE,2006,7,13,14,41,-75.71,36.9,0,NaN,3.104615,NaN,NaN,NaN,NaN,0.243193,-0.047442,0.42737,0.817874,NaN,NaN,0.914057,NaN,0.162499,NaN,NaN,NA,AERONET_SEAPRISM,413_441_489_551_668_T869
AS22-00124,22,COVE,2006,7,13,15,14,-75.71,36.9,0,NaN,2.977912,NaN,NaN,NaN,NaN,0.264356,0.087692,0.629195,0.936074,NaN,NaN,1.026769,NaN,0.269837,NaN,NaN,NA,AERONET_SEAPRISM,413_441_489_551_668_T869
AS22-00125,22,COVE,2006,7,13,15,41,-75.71,36.9,0,NaN,2.77673,NaN,NaN,NaN,NaN,0.28039,0.16619,0.682487,1.077433,NaN,NaN,1.149978,NaN,0.28415,NaN,NaN,NA,AERONET_SEAPRISM,413_441_489_551_668_T869
AS22-00126,22,COVE,2006,7,17,12,45,-75.71,36.9,0,NaN,1.826566,NaN,NaN,NaN,NaN,0.086395,0.42214,0.462834,0.696722,NaN,NaN,0.626323,NaN,0.087595,NaN,NaN,NA,AERONET_SEAPRISM,413_441_489_551_668_T869
AS22-00127,22,COVE,2006,7,17,13,18,-75.71,36.9,0,NaN,1.276333,NaN,NaN,NaN,NaN,0.087524,0.489703,0.535712,0.735574,NaN,NaN,0.567288,NaN,-0.001779,NaN,NaN,NA,AERONET_SEAPRISM,413_441_489_551_668_T869
AS22-00128,22,COVE,2006,7,17,14,42,-75.71,36.9,0,NaN,1.741633,NaN,NaN,NaN,NaN,0.089526,0.596009,0.298163,0.623491,NaN,NaN,0.550931,NaN,0.085198,NaN,NaN,NA,AERONET_SEAPRISM,413_441_489_551_668_T869
AS22-00129,22,COVE,2006,7,17,15,14,-75.71,36.9,0,NaN,1.460005,NaN,NaN,NaN,NaN,0.090547,0.568548,0.355896,0.670227,NaN,NaN,0.549207,NaN,0.099303,NaN,NaN,NA,AERONET_SEAPRISM,413_441_489_551_668_T869
AS22-00130,22,COVE,2006,7,17,15,42,-75.71,36.9,0,NaN,1.589405,NaN,NaN,NaN,NaN,0.089479,0.579198,0.341861,0.622583,NaN,NaN,0.528778,NaN,0.101678,NaN,NaN,NA,AERONET_SEAPRISM,413_441_489_551_668_T869
AS22-00131,22,COVE,2006,7,18,11,41,-75.71,36.9,0,NaN,2.451028,NaN,NaN,NaN,NaN,0.084193,0.163019,0.218404,0.547622,NaN,NaN,0.557766,NaN,0.114227,NaN,NaN,NA,AERONET_SEAPRISM,413_441_489_551_668_T869
AS22-00132,22,COVE,2006,7,18,12,10,-75.71,36.9,0,NaN,2.435645,NaN,NaN,NaN,NaN,0.086781,0.219479,0.327513,0.560007,NaN,NaN,0.56738,NaN,0.037738,NaN,NaN,NA,AERONET_SEAPRISM,413_441_489_551_668_T869
AS22-00133,22,COVE,2006,7,18,12,46,-75.71,36.9,0,NaN,2.148103,NaN,NaN,NaN,NaN,0.09581,0.232512,0.283689,0.525915,NaN,NaN,0.506542,NaN,0.088217,NaN,NaN,NA,AERONET_SEAPRISM,413_441_489_551_668_T869
AS22-00134,22,COVE,2006,7,18,14,20,-75.71,36.9,0,NaN,2.359128,NaN,NaN,NaN,NaN,0.112231,0.336926,0.202536,0.489823,NaN,NaN,0.491108,NaN,0.055917,NaN,NaN,NA,AERONET_SEAPRISM,413_441_489_551_668_T869
AS22-00135,22,COVE,2006,7,18,14,42,-75.71,36.9,0,NaN,2.392977,NaN,NaN,NaN,NaN,0.111953,-0.187981,0.283036,0.557255,NaN,NaN,0.561187,NaN,0.107413,NaN,NaN,NA,AERONET_SEAPRISM,413_441_489_551_668_T869
AS22-00136,22,COVE,2006,7,18,15,14,-75.71,36.9,0,NaN,2.475799,NaN,NaN,NaN,NaN,0.11318,-0.018458,0.037535,0.600022,NaN,NaN,0.616644,NaN,-0.153534,NaN,NaN,NA,AERONET_SEAPRISM,413_441_489_551_668_T869
AS22-00137,22,COVE,2006,7,18,15,42,-75.71,36.9,0,NaN,2.377201,NaN,NaN,NaN,NaN,0.111793,-0.106459,0.344114,0.655584,NaN,NaN,0.658274,NaN,-0.076748,NaN,NaN,NA,AERONET_SEAPRISM,413_441_489_551_668_T869
AS22-00138,22,COVE,2006,7,18,16,14,-75.71,36.9,0,NaN,1.942364,NaN,NaN,NaN,NaN,0.120079,0.046816,0.477653,0.772613,NaN,NaN,0.713029,NaN,-0.044092,NaN,NaN,NA,AERONET_SEAPRISM,413_441_489_551_668_T869
AS22-00139,22,COVE,2006,7,20,11,40,-75.71,36.9,0,NaN,2.122709,NaN,NaN,NaN,NaN,0.147853,-0.039377,0.193895,0.560219,NaN,NaN,0.538471,NaN,0.085979,NaN,NaN,NA,AERONET_SEAPRISM,413_441_489_551_668_T869
AS22-00140,22,COVE,2006,7,20,14,21,-75.71,36.9,0,NaN,2.563576,NaN,NaN,NaN,NaN,0.181268,0.425581,0.254803,0.633396,NaN,NaN,0.656913,NaN,0.010394,NaN,NaN,NA,AERONET_SEAPRISM,413_441_489_551_668_T869
AS22-00141,22,COVE,2006,7,20,14,42,-75.71,36.9,0,NaN,2.270098,NaN,NaN,NaN,NaN,0.176781,-0.073563,0.382689,0.765327,NaN,NaN,0.75444,NaN,0.071281,NaN,NaN,NA,AERONET_SEAPRISM,413_441_489_551_668_T869
AS22-00142,22,COVE,2006,7,20,15,42,-75.71,36.9,0,NaN,2.232317,NaN,NaN,NaN,NaN,0.201218,0.164532,0.595356,0.918239,NaN,NaN,0.897035,NaN,0.131539,NaN,NaN,NA,AERONET_SEAPRISM,413_441_489_551_668_T869
AS22-00143,22,COVE,2006,7,21,13,42,-75.71,36.9,0,NaN,1.438451,NaN,NaN,NaN,NaN,0.194148,0.445486,0.226674,0.664688,NaN,NaN,0.542724,NaN,-0.096485,NaN,NaN,NA,AERONET_SEAPRISM,413_441_489_551_668_T869
AS22-00144,22,COVE,2006,7,21,14,42,-75.71,36.9,0,NaN,2.011809,NaN,NaN,NaN,NaN,0.201236,0.002244,0.437467,0.864669,NaN,NaN,0.811015,NaN,0.041873,NaN,NaN,NA,AERONET_SEAPRISM,413_441_489_551_668_T869
AS22-00145,22,COVE,2006,7,21,15,15,-75.71,36.9,0,NaN,1.849617,NaN,NaN,NaN,NaN,0.208236,0.172375,0.558918,0.975396,NaN,NaN,0.88262,NaN,0.046208,NaN,NaN,NA,AERONET_SEAPRISM,413_441_489_551_668_T869
AS22-00146,22,COVE,2006,7,21,15,42,-75.71,36.9,0,NaN,2.37584,NaN,NaN,NaN,NaN,0.219294,0.157336,0.620122,0.939895,NaN,NaN,0.941669,NaN,0.092994,NaN,NaN,NA,AERONET_SEAPRISM,413_441_489_551_668_T869
AS22-00147,22,COVE,2006,7,21,16,15,-75.71,36.9,0,NaN,2.039078,NaN,NaN,NaN,NaN,0.213583,0.203875,0.649212,1.025058,NaN,NaN,0.965014,NaN,0.133745,NaN,NaN,NA,AERONET_SEAPRISM,413_441_489_551_668_T869
AS22-00148,22,COVE,2006,7,24,13,10,-75.71,36.9,0,NaN,3.543462,NaN,NaN,NaN,NaN,0.059458,0.311408,0.349165,0.497605,NaN,NaN,0.58423,NaN,0.111204,NaN,NaN,NA,AERONET_SEAPRISM,413_441_489_551_668_T869
AS22-00149,22,COVE,2006,7,24,13,42,-75.71,36.9,0,NaN,2.887859,NaN,NaN,NaN,NaN,0.065329,0.251522,0.338843,0.530842,NaN,NaN,0.575491,NaN,0.09195,NaN,NaN,NA,AERONET_SEAPRISM,413_441_489_551_668_T869
AS22-00150,22,COVE,2006,7,24,14,42,-75.71,36.9,0,NaN,10.676609,NaN,NaN,NaN,NaN,0.074425,0.397539,0.144176,0.386402,NaN,NaN,0.684594,NaN,0.139469,NaN,NaN,NA,AERONET_SEAPRISM,413_441_489_551_668_T869
AS22-00151,22,COVE,2006,7,24,15,15,-75.71,36.9,0,NaN,3.731786,NaN,NaN,NaN,NaN,0.088367,0.427401,0.189589,0.478588,NaN,NaN,0.575907,NaN,0.08091,NaN,NaN,NA,AERONET_SEAPRISM,413_441_489_551_668_T869
AS22-00152,22,COVE,2006,7,24,15,42,-75.71,36.9,0,NaN,3.063922,NaN,NaN,NaN,NaN,0.080439,-0.007875,0.297156,0.621951,NaN,NaN,0.691925,NaN,0.000875,NaN,NaN,NA,AERONET_SEAPRISM,413_441_489_551_668_T869
AS22-00153,22,COVE,2006,7,26,14,21,-75.71,36.9,0,NaN,2.437573,NaN,NaN,NaN,NaN,0.087662,0.084885,0.435462,0.647629,NaN,NaN,0.655524,NaN,0.107143,NaN,NaN,NA,AERONET_SEAPRISM,413_441_489_551_668_T869
AS22-00154,22,COVE,2006,7,26,14,42,-75.71,36.9,0,NaN,3.288436,NaN,NaN,NaN,NaN,0.114783,0.352524,0.111725,0.474859,NaN,NaN,0.545159,NaN,0.114312,NaN,NaN,NA,AERONET_SEAPRISM,413_441_489_551_668_T869
AS22-00155,22,COVE,2006,7,26,15,15,-75.71,36.9,0,NaN,6.344348,NaN,NaN,NaN,NaN,0.111161,0.450612,0.175774,0.465269,NaN,NaN,0.684237,NaN,0.103051,NaN,NaN,NA,AERONET_SEAPRISM,413_441_489_551_668_T869
AS22-00156,22,COVE,2006,7,27,13,42,-75.71,36.9,0,NaN,1.93241,NaN,NaN,NaN,NaN,0.346083,-0.488068,0.257065,0.742753,NaN,NaN,0.686739,NaN,0.006548,NaN,NaN,NA,AERONET_SEAPRISM,413_441_489_551_668_T869
AS22-00157,22,COVE,2006,7,27,14,21,-75.71,36.9,0,NaN,1.470806,NaN,NaN,NaN,NaN,0.37778,-0.007038,0.548323,0.960813,NaN,NaN,0.789344,NaN,0.193694,NaN,NaN,NA,AERONET_SEAPRISM,413_441_489_551_668_T869
AS22-00158,22,COVE,2006,7,27,15,15,-75.71,36.9,0,NaN,1.635896,NaN,NaN,NaN,NaN,0.436917,0.303879,0.690029,1.220583,NaN,NaN,1.049139,NaN,0.294946,NaN,NaN,NA,AERONET_SEAPRISM,413_441_489_551_668_T869
AS22-00159,22,COVE,2006,7,27,15,42,-75.71,36.9,0,NaN,2.225124,NaN,NaN,NaN,NaN,0.416999,0.381391,0.807625,1.189651,NaN,NaN,1.160127,NaN,0.360893,NaN,NaN,NA,AERONET_SEAPRISM,413_441_489_551_668_T869
AS22-00160,22,COVE,2006,7,28,12,40,-75.71,36.9,0,NaN,5.608027,NaN,NaN,NaN,NaN,0.205931,0.346553,0.399364,0.30479,NaN,NaN,0.422424,NaN,0.188191,NaN,NaN,NA,AERONET_SEAPRISM,413_441_489_551_668_T869
AS22-00161,22,COVE,2006,7,28,14,42,-75.71,36.9,0,NaN,4.485554,NaN,NaN,NaN,NaN,0.223288,0.241356,0.226766,0.546165,NaN,NaN,0.705174,NaN,0.040699,NaN,NaN,NA,AERONET_SEAPRISM,413_441_489_551_668_T869
AS22-00162,22,COVE,2006,7,28,15,15,-75.71,36.9,0,NaN,3.372254,NaN,NaN,NaN,NaN,0.227747,0.389542,0.273323,0.646716,NaN,NaN,0.747784,NaN,0.066878,NaN,NaN,NA,AERONET_SEAPRISM,413_441_489_551_668_T869
AS22-00163,22,COVE,2006,7,28,16,15,-75.71,36.9,0,NaN,4.864736,NaN,NaN,NaN,NaN,0.237846,0.177264,0.329709,0.575767,NaN,NaN,0.764851,NaN,0.088909,NaN,NaN,NA,AERONET_SEAPRISM,413_441_489_551_668_T869
AS22-00164,22,COVE,2006,7,30,12,40,-75.71,36.9,0,NaN,1.773281,NaN,NaN,NaN,NaN,0.125072,0.351935,0.352683,0.658592,NaN,NaN,0.585865,NaN,0.073141,NaN,NaN,NA,AERONET_SEAPRISM,413_441_489_551_668_T869
AS22-00165,22,COVE,2006,7,30,14,42,-75.71,36.9,0,NaN,1.992137,NaN,NaN,NaN,NaN,0.135788,0.473577,0.120034,0.508892,NaN,NaN,0.477257,NaN,0.078107,NaN,NaN,NA,AERONET_SEAPRISM,413_441_489_551_668_T869
AS22-00166,22,COVE,2006,7,30,15,15,-75.71,36.9,0,NaN,1.912962,NaN,NaN,NaN,NaN,0.132831,0.458825,0.263146,0.64241,NaN,NaN,0.590924,NaN,-0.046376,NaN,NaN,NA,AERONET_SEAPRISM,413_441_489_551_668_T869
AS22-00167,22,COVE,2006,7,30,15,42,-75.71,36.9,0,NaN,1.791477,NaN,NaN,NaN,NaN,0.131351,0.003492,0.352064,0.659954,NaN,NaN,0.589609,NaN,-0.019272,NaN,NaN,NA,AERONET_SEAPRISM,413_441_489_551_668_T869
AS22-00168,22,COVE,2006,7,30,16,15,-75.71,36.9,0,NaN,2.106208,NaN,NaN,NaN,NaN,0.120136,-0.034427,0.333623,0.637185,NaN,NaN,0.608904,NaN,-0.057191,NaN,NaN,NA,AERONET_SEAPRISM,413_441_489_551_668_T869
AS22-00169,22,COVE,2006,7,31,12,12,-75.71,36.9,0,NaN,1.315333,NaN,NaN,NaN,NaN,0.158818,0.37016,0.429084,0.655993,NaN,NaN,0.513088,NaN,0.110466,NaN,NaN,NA,AERONET_SEAPRISM,413_441_489_551_668_T869
AS22-00170,22,COVE,2006,7,31,12,40,-75.71,36.9,0,NaN,40.748545,NaN,NaN,NaN,NaN,0.173345,0.139455,0.438296,0.188703,NaN,NaN,0.503527,NaN,0.077556,NaN,NaN,NA,AERONET_SEAPRISM,413_441_489_551_668_T869
AS22-00171,22,COVE,2006,7,31,14,21,-75.71,36.9,0,NaN,1.368775,NaN,NaN,NaN,NaN,0.171973,0.611705,0.335417,0.728659,NaN,NaN,0.581421,NaN,-0.016396,NaN,NaN,NA,AERONET_SEAPRISM,413_441_489_551_668_T869
AS22-00172,22,COVE,2006,7,31,14,42,-75.71,36.9,0,NaN,1.633965,NaN,NaN,NaN,NaN,0.170889,0.003687,0.430951,0.767725,NaN,NaN,0.6596,NaN,0.011152,NaN,NaN,NA,AERONET_SEAPRISM,413_441_489_551_668_T869
AS22-00173,22,COVE,2006,7,31,15,15,-75.71,36.9,0,NaN,1.496824,NaN,NaN,NaN,NaN,0.1667,0.076312,0.509286,0.822679,NaN,NaN,0.680448,NaN,0.019082,NaN,NaN,NA,AERONET_SEAPRISM,413_441_489_551_668_T869
AS22-00174,22,COVE,2006,7,31,15,42,-75.71,36.9,0,NaN,1.535448,NaN,NaN,NaN,NaN,0.176323,0.122089,0.548833,0.885954,NaN,NaN,0.740762,NaN,0.048922,NaN,NaN,NA,AERONET_SEAPRISM,413_441_489_551_668_T869
AS22-00175,22,COVE,2006,7,31,16,15,-75.71,36.9,0,NaN,1.823017,NaN,NaN,NaN,NaN,0.217119,0.220466,0.665271,0.973117,NaN,NaN,0.873832,NaN,0.109768,NaN,NaN,NA,AERONET_SEAPRISM,413_441_489_551_668_T869
AS22-00176,22,COVE,2006,8,1,13,42,-75.71,36.9,0,NaN,2.094528,NaN,NaN,NaN,NaN,0.366819,-0.457732,0.271562,0.725747,NaN,NaN,0.693462,NaN,0.06738,NaN,NaN,NA,AERONET_SEAPRISM,413_441_489_551_668_T869
AS22-00177,22,COVE,2006,8,1,14,21,-75.71,36.9,0,NaN,2.102773,NaN,NaN,NaN,NaN,0.364581,-0.13239,0.371987,0.749064,NaN,NaN,0.715619,NaN,0.122873,NaN,NaN,NA,AERONET_SEAPRISM,413_441_489_551_668_T869
AS22-00178,22,COVE,2006,8,1,14,42,-75.71,36.9,0,NaN,2.259329,NaN,NaN,NaN,NaN,0.335957,-0.085329,0.474438,0.802819,NaN,NaN,0.788811,NaN,0.128527,NaN,NaN,NA,AERONET_SEAPRISM,413_441_489_551_668_T869
AS22-00179,22,COVE,2006,8,1,15,15,-75.71,36.9,0,NaN,1.93615,NaN,NaN,NaN,NaN,0.331907,0.118883,0.594246,0.940796,NaN,NaN,0.866917,NaN,0.187155,NaN,NaN,NA,AERONET_SEAPRISM,413_441_489_551_668_T869
AS22-00180,22,COVE,2006,8,1,15,42,-75.71,36.9,0,NaN,2.107298,NaN,NaN,NaN,NaN,0.314341,0.179518,0.595323,0.897804,NaN,NaN,0.856387,NaN,0.193017,NaN,NaN,NA,AERONET_SEAPRISM,413_441_489_551_668_T869
AS22-00181,22,COVE,2006,8,1,16,15,-75.71,36.9,0,NaN,2.317553,NaN,NaN,NaN,NaN,0.294709,0.194325,0.630907,0.925622,NaN,NaN,0.917746,NaN,0.169378,NaN,NaN,NA,AERONET_SEAPRISM,413_441_489_551_668_T869
AS22-00182,22,COVE,2006,8,2,12,10,-75.71,36.9,0,NaN,1241.438825,NaN,NaN,NaN,NaN,0.268707,0.267591,0.511765,0.107269,NaN,NaN,0.695093,NaN,0.216689,NaN,NaN,NA,AERONET_SEAPRISM,413_441_489_551_668_T869
AS22-00183,22,COVE,2006,8,2,13,10,-75.71,36.9,0,NaN,2.4477,NaN,NaN,NaN,NaN,0.257283,0.47452,0.125339,0.493214,NaN,NaN,0.503135,NaN,0.02695,NaN,NaN,NA,AERONET_SEAPRISM,413_441_489_551_668_T869
AS22-00184,22,COVE,2006,8,2,13,42,-75.71,36.9,0,NaN,1.98282,NaN,NaN,NaN,NaN,0.254881,0.491521,0.319493,0.653068,NaN,NaN,0.609025,NaN,0.078967,NaN,NaN,NA,AERONET_SEAPRISM,413_441_489_551_668_T869
AS22-00185,22,COVE,2006,8,2,14,21,-75.71,36.9,0,NaN,2.110868,NaN,NaN,NaN,NaN,0.26131,-0.092024,0.406605,0.847361,NaN,NaN,0.811007,NaN,0.094208,NaN,NaN,NA,AERONET_SEAPRISM,413_441_489_551_668_T869
AS22-00186,22,COVE,2006,8,2,14,42,-75.71,36.9,0,NaN,2.816423,NaN,NaN,NaN,NaN,0.254805,0.012066,0.475897,0.760742,NaN,NaN,0.816679,NaN,0.115865,NaN,NaN,NA,AERONET_SEAPRISM,413_441_489_551_668_T869
AS22-00187,22,COVE,2006,8,2,15,15,-75.71,36.9,0,NaN,2.332989,NaN,NaN,NaN,NaN,0.258918,0.088606,0.582054,0.85576,NaN,NaN,0.850794,NaN,0.154843,NaN,NaN,NA,AERONET_SEAPRISM,413_441_489_551_668_T869
AS22-00188,22,COVE,2006,8,2,15,42,-75.71,36.9,0,NaN,2.204894,NaN,NaN,NaN,NaN,0.290792,0.259838,0.664431,1.014379,NaN,NaN,0.985858,NaN,0.224764,NaN,NaN,NA,AERONET_SEAPRISM,413_441_489_551_668_T869
AS22-00189,22,COVE,2006,8,2,16,15,-75.71,36.9,0,NaN,2.477902,NaN,NaN,NaN,NaN,0.261006,0.226975,0.663185,0.940711,NaN,NaN,0.958073,NaN,0.224467,NaN,NaN,NA,AERONET_SEAPRISM,413_441_489_551_668_T869
AS22-00190,22,COVE,2006,8,3,12,10,-75.71,36.9,0,NaN,743.605472,NaN,NaN,NaN,NaN,0.240709,0.267004,0.524951,0.125504,NaN,NaN,0.724259,NaN,0.165763,NaN,NaN,NA,AERONET_SEAPRISM,413_441_489_551_668_T869
AS22-00191,22,COVE,2006,8,3,13,10,-75.71,36.9,0,NaN,3.152483,NaN,NaN,NaN,NaN,0.274962,0.292355,0.089928,0.466703,NaN,NaN,0.527284,NaN,-0.024336,NaN,NaN,NA,AERONET_SEAPRISM,413_441_489_551_668_T869
AS22-00192,22,COVE,2006,8,3,14,21,-75.71,36.9,0,NaN,2.059146,NaN,NaN,NaN,NaN,0.285298,-0.115378,0.39146,0.817191,NaN,NaN,0.774186,NaN,0.089745,NaN,NaN,NA,AERONET_SEAPRISM,413_441_489_551_668_T869
AS22-00193,22,COVE,2006,8,3,14,42,-75.71,36.9,0,NaN,2.786772,NaN,NaN,NaN,NaN,0.26015,-0.037822,0.476628,0.780895,NaN,NaN,0.83496,NaN,0.093835,NaN,NaN,NA,AERONET_SEAPRISM,413_441_489_551_668_T869
AS22-00194,22,COVE,2006,8,3,15,15,-75.71,36.9,0,NaN,1.854153,NaN,NaN,NaN,NaN,0.249501,0.157579,0.529389,0.918251,NaN,NaN,0.831717,NaN,0.129553,NaN,NaN,NA,AERONET_SEAPRISM,413_441_489_551_668_T869
AS22-00195,22,COVE,2006,8,3,15,42,-75.71,36.9,0,NaN,1.739698,NaN,NaN,NaN,NaN,0.250903,0.238788,0.675962,1.041798,NaN,NaN,0.917831,NaN,0.201776,NaN,NaN,NA,AERONET_SEAPRISM,413_441_489_551_668_T869
AS22-00196,22,COVE,2006,8,4,11,41,-75.71,36.9,0,NaN,2.287371,NaN,NaN,NaN,NaN,0.273039,0.321217,0.340544,0.702354,NaN,NaN,0.694662,NaN,0.168444,NaN,NaN,NA,AERONET_SEAPRISM,413_441_489_551_668_T869
AS22-00197,22,COVE,2006,8,4,13,10,-75.71,36.9,0,NaN,2.010046,NaN,NaN,NaN,NaN,0.235179,0.484669,0.028777,0.554418,NaN,NaN,0.52328,NaN,-0.0035,NaN,NaN,NA,AERONET_SEAPRISM,413_441_489_551_668_T869
AS22-00198,22,COVE,2006,8,4,14,21,-75.71,36.9,0,NaN,2.268101,NaN,NaN,NaN,NaN,0.219304,-0.131541,0.439717,0.737666,NaN,NaN,0.725889,NaN,0.044037,NaN,NaN,NA,AERONET_SEAPRISM,413_441_489_551_668_T869
AS22-00199,22,COVE,2006,8,4,14,42,-75.71,36.9,0,NaN,2.087826,NaN,NaN,NaN,NaN,0.223245,-0.064251,0.508704,0.747322,NaN,NaN,0.709943,NaN,0.083786,NaN,NaN,NA,AERONET_SEAPRISM,413_441_489_551_668_T869
AS22-00200,22,COVE,2006,8,4,15,15,-75.71,36.9,0,NaN,2.401335,NaN,NaN,NaN,NaN,0.231322,0.11299,0.559136,0.841541,NaN,NaN,0.846737,NaN,0.142045,NaN,NaN,NA,AERONET_SEAPRISM,413_441_489_551_668_T869
AS22-00201,22,COVE,2006,8,5,14,20,-75.71,36.9,0,NaN,1.241627,NaN,NaN,NaN,NaN,0.14577,0.407243,0.24878,0.698518,NaN,NaN,0.535228,NaN,0.057776,NaN,NaN,NA,AERONET_SEAPRISM,413_441_489_551_668_T869
AS22-00202,22,COVE,2006,8,6,11,41,-75.71,36.9,0,NaN,1.019252,NaN,NaN,NaN,NaN,0.035055,0.254514,0.379371,0.658028,NaN,NaN,0.461038,NaN,0.052206,NaN,NaN,NA,AERONET_SEAPRISM,413_441_489_551_668_T869
AS22-00203,22,COVE,2006,8,6,12,40,-75.71,36.9,0,NaN,1.396828,NaN,NaN,NaN,NaN,0.039785,0.354989,0.389134,0.669455,NaN,NaN,0.537896,NaN,0.039258,NaN,NaN,NA,AERONET_SEAPRISM,413_441_489_551_668_T869
AS22-00204,22,COVE,2006,8,6,13,10,-75.71,36.9,0,NaN,1.275369,NaN,NaN,NaN,NaN,0.041772,0.405294,0.477949,0.754162,NaN,NaN,0.58224,NaN,0.044752,NaN,NaN,NA,AERONET_SEAPRISM,413_441_489_551_668_T869
AS22-00205,22,COVE,2006,8,6,13,42,-75.71,36.9,0,NaN,1.724951,NaN,NaN,NaN,NaN,0.043802,0.381069,0.469857,0.652009,NaN,NaN,0.571773,NaN,0.04396,NaN,NaN,NA,AERONET_SEAPRISM,413_441_489_551_668_T869
AS22-00206,22,COVE,2006,8,7,11,42,-75.71,36.9,0,NaN,1.513578,NaN,NaN,NaN,NaN,0.287108,0.152253,0.481948,0.710902,NaN,NaN,0.590279,NaN,0.028431,NaN,NaN,NA,AERONET_SEAPRISM,413_441_489_551_668_T869
AS22-00207,22,COVE,2006,8,8,13,10,-75.71,36.9,0,NaN,1.905967,NaN,NaN,NaN,NaN,0.352338,-0.621839,0.448319,1.002511,NaN,NaN,0.920256,NaN,0.1548,NaN,NaN,NA,AERONET_SEAPRISM,413_441_489_551_668_T869
AS22-00208,22,COVE,2006,8,8,14,20,-75.71,36.9,0,NaN,1.262074,NaN,NaN,NaN,NaN,0.3653,-0.023941,0.504802,0.98656,NaN,NaN,0.759573,NaN,0.142703,NaN,NaN,NA,AERONET_SEAPRISM,413_441_489_551_668_T869
AS22-00209,22,COVE,2006,8,9,13,10,-75.71,36.9,0,NaN,1.045963,NaN,NaN,NaN,NaN,0.075317,0.513359,0.568623,0.844505,NaN,NaN,0.597623,NaN,0.03034,NaN,NaN,NA,AERONET_SEAPRISM,413_441_489_551_668_T869
AS22-00210,22,COVE,2006,8,9,13,42,-75.71,36.9,0,NaN,0.920773,NaN,NaN,NaN,NaN,0.060966,0.490057,0.571989,0.875031,NaN,NaN,0.585444,NaN,0.025849,NaN,NaN,NA,AERONET_SEAPRISM,413_441_489_551_668_T869
AS22-00211,22,COVE,2006,8,13,11,44,-75.71,36.9,0,NaN,1.76583,NaN,NaN,NaN,NaN,0.041865,0.109821,0.260485,0.49426,NaN,NaN,0.43896,NaN,0.072863,NaN,NaN,NA,AERONET_SEAPRISM,413_441_489_551_668_T869
AS22-00212,22,COVE,2006,8,13,12,13,-75.71,36.9,0,NaN,2.574066,NaN,NaN,NaN,NaN,0.043878,0.220456,0.315154,0.474928,NaN,NaN,0.491491,NaN,0.053654,NaN,NaN,NA,AERONET_SEAPRISM,413_441_489_551_668_T869
AS22-00213,22,COVE,2006,8,13,12,39,-75.71,36.9,0,NaN,1.819574,NaN,NaN,NaN,NaN,0.045891,0.313044,0.309184,0.585159,NaN,NaN,0.526237,NaN,0.045119,NaN,NaN,NA,AERONET_SEAPRISM,413_441_489_551_668_T869
AS22-00214,22,COVE,2006,8,13,13,9,-75.71,36.9,0,NaN,1.72148,NaN,NaN,NaN,NaN,0.047176,0.348609,0.40731,0.60474,NaN,NaN,0.530239,NaN,0.053381,NaN,NaN,NA,AERONET_SEAPRISM,413_441_489_551_668_T869
AS22-00215,22,COVE,2006,8,13,14,41,-75.71,36.9,0,NaN,1.677051,NaN,NaN,NaN,NaN,0.04664,0.438978,0.495048,0.75203,NaN,NaN,0.652317,NaN,0.044565,NaN,NaN,NA,AERONET_SEAPRISM,413_441_489_551_668_T869
AS22-00216,22,COVE,2006,8,13,15,14,-75.71,36.9,0,NaN,1.763147,NaN,NaN,NaN,NaN,0.047415,0.468465,0.548064,0.784173,NaN,NaN,0.694241,NaN,0.052168,NaN,NaN,NA,AERONET_SEAPRISM,413_441_489_551_668_T869
AS22-00217,22,COVE,2006,8,13,15,41,-75.71,36.9,0,NaN,1.724872,NaN,NaN,NaN,NaN,0.04635,0.489034,0.549314,0.808748,NaN,NaN,0.709641,NaN,0.049735,NaN,NaN,NA,AERONET_SEAPRISM,413_441_489_551_668_T869
AS22-00218,22,COVE,2006,8,14,11,45,-75.71,36.9,0,NaN,1.156619,NaN,NaN,NaN,NaN,0.045977,-0.500814,0.353075,0.711919,NaN,NaN,0.527855,NaN,0.019406,NaN,NaN,NA,AERONET_SEAPRISM,413_441_489_551_668_T869
AS22-00219,22,COVE,2006,8,14,13,9,-75.71,36.9,0,NaN,1.118814,NaN,NaN,NaN,NaN,0.048448,0.459718,0.48225,0.699951,NaN,NaN,0.510059,NaN,0.059369,NaN,NaN,NA,AERONET_SEAPRISM,413_441_489_551_668_T869
AS22-00220,22,COVE,2006,8,18,21,38,-75.71,36.9,0,NaN,2.237099,NaN,NaN,NaN,NaN,0.042755,0.331589,0.922863,1.089069,NaN,NaN,1.061746,NaN,0.565547,NaN,NaN,NA,AERONET_SEAPRISM,413_441_489_551_668_T869
AS22-00221,22,COVE,2006,8,18,22,8,-75.71,36.9,0,NaN,4.118821,NaN,NaN,NaN,NaN,0.039436,0.483387,0.996721,0.93111,NaN,NaN,1.152482,NaN,0.73072,NaN,NaN,NA,AERONET_SEAPRISM,413_441_489_551_668_T869
AS22-00222,22,COVE,2006,8,19,12,38,-75.71,36.9,0,NaN,1.169333,NaN,NaN,NaN,NaN,0.042383,0.547643,0.263422,0.952774,NaN,NaN,0.712092,NaN,0.044428,NaN,NaN,NA,AERONET_SEAPRISM,413_441_489_551_668_T869
AS22-00223,22,COVE,2006,8,19,14,18,-75.71,36.9,0,NaN,1.452376,NaN,NaN,NaN,NaN,0.051216,0.378276,0.573728,0.907576,NaN,NaN,0.740938,NaN,0.040761,NaN,NaN,NA,AERONET_SEAPRISM,413_441_489_551_668_T869
AS22-00224,22,COVE,2006,8,19,14,40,-75.71,36.9,0,NaN,1.89517,NaN,NaN,NaN,NaN,0.051566,0.464546,0.592685,0.83609,NaN,NaN,0.762749,NaN,0.040066,NaN,NaN,NA,AERONET_SEAPRISM,413_441_489_551_668_T869
AS22-00225,22,COVE,2006,8,20,14,18,-75.71,36.9,0,NaN,0.916655,NaN,NaN,NaN,NaN,0.223992,0.428247,0.520081,1.069765,NaN,NaN,0.716061,NaN,-0.078157,NaN,NaN,NA,AERONET_SEAPRISM,413_441_489_551_668_T869
AS22-00226,22,COVE,2006,8,20,14,40,-75.71,36.9,0,NaN,0.858177,NaN,NaN,NaN,NaN,0.214437,0.583113,0.532779,1.152283,NaN,NaN,0.749213,NaN,-0.102199,NaN,NaN,NA,AERONET_SEAPRISM,413_441_489_551_668_T869
AS22-00227,22,COVE,2006,8,20,15,12,-75.71,36.9,0,NaN,1.294118,NaN,NaN,NaN,NaN,0.189581,0.123763,0.554008,1.067527,NaN,NaN,0.830777,NaN,0.057736,NaN,NaN,NA,AERONET_SEAPRISM,413_441_489_551_668_T869
AS22-00228,22,COVE,2006,8,23,14,18,-75.71,36.9,0,NaN,1.058912,NaN,NaN,NaN,NaN,0.268026,-0.177364,0.402255,0.97943,NaN,NaN,0.699548,NaN,-0.083386,NaN,NaN,NA,AERONET_SEAPRISM,413_441_489_551_668_T869
AS22-00229,22,COVE,2006,8,23,14,39,-75.71,36.9,0,NaN,1.110104,NaN,NaN,NaN,NaN,0.262552,-0.141202,0.510933,1.005845,NaN,NaN,0.732404,NaN,-0.039896,NaN,NaN,NA,AERONET_SEAPRISM,413_441_489_551_668_T869
AS22-00230,22,COVE,2006,8,23,15,12,-75.71,36.9,0,NaN,1.198591,NaN,NaN,NaN,NaN,0.275039,0.025659,0.569163,1.126421,NaN,NaN,0.848138,NaN,-0.016675,NaN,NaN,NA,AERONET_SEAPRISM,413_441_489_551_668_T869
AS22-00231,22,COVE,2006,8,23,15,39,-75.71,36.9,0,NaN,1.234734,NaN,NaN,NaN,NaN,0.261059,0.095994,0.680517,1.172602,NaN,NaN,0.893389,NaN,-0.005989,NaN,NaN,NA,AERONET_SEAPRISM,413_441_489_551_668_T869
AS22-00232,22,COVE,2006,8,24,13,42,-75.71,36.9,0,NaN,1.029874,NaN,NaN,NaN,NaN,0.186289,0.403243,0.210486,0.822489,NaN,NaN,0.581623,NaN,-0.095612,NaN,NaN,NA,AERONET_SEAPRISM,413_441_489_551_668_T869
AS22-00233,22,COVE,2006,8,24,14,17,-75.71,36.9,0,NaN,1.006774,NaN,NaN,NaN,NaN,0.188195,-0.506344,0.31018,0.995283,NaN,NaN,0.696243,NaN,-0.034293,NaN,NaN,NA,AERONET_SEAPRISM,413_441_489_551_668_T869
AS22-00234,22,COVE,2006,8,24,14,39,-75.71,36.9,0,NaN,1.205342,NaN,NaN,NaN,NaN,0.211812,-0.096265,0.522281,1.10725,NaN,NaN,0.836151,NaN,0.006731,NaN,NaN,NA,AERONET_SEAPRISM,413_441_489_551_668_T869
AS22-00235,22,COVE,2006,8,25,14,17,-75.71,36.9,0,NaN,1.228738,NaN,NaN,NaN,NaN,0.296742,-0.319409,0.083643,0.878032,NaN,NaN,0.672292,NaN,0.007167,NaN,NaN,NA,AERONET_SEAPRISM,413_441_489_551_668_T869
AS22-00236,22,COVE,2006,8,25,14,39,-75.71,36.9,0,NaN,1.886507,NaN,NaN,NaN,NaN,0.267688,-0.14005,0.523929,0.978451,NaN,NaN,0.89319,NaN,0.042679,NaN,NaN,NA,AERONET_SEAPRISM,413_441_489_551_668_T869
AS22-00237,22,COVE,2006,8,25,15,11,-75.71,36.9,0,NaN,1.550054,NaN,NaN,NaN,NaN,0.357671,-0.03444,0.331192,0.970837,NaN,NaN,0.818328,NaN,0.103112,NaN,NaN,NA,AERONET_SEAPRISM,413_441_489_551_668_T869
AS22-00238,22,COVE,2006,8,25,15,39,-75.71,36.9,0,NaN,1.702499,NaN,NaN,NaN,NaN,0.356671,0.095343,0.62748,1.091532,NaN,NaN,0.95399,NaN,0.146855,NaN,NaN,NA,AERONET_SEAPRISM,413_441_489_551_668_T869
AS22-00239,22,COVE,2006,8,26,13,44,-75.71,36.9,0,NaN,0.857526,NaN,NaN,NaN,NaN,0.115171,-0.033604,0.070338,0.634132,NaN,NaN,0.41429,NaN,0.013512,NaN,NaN,NA,AERONET_SEAPRISM,413_441_489_551_668_T869
AS22-00240,22,COVE,2006,8,26,14,17,-75.71,36.9,0,NaN,0.877854,NaN,NaN,NaN,NaN,0.118067,0.417174,0.283602,0.838579,NaN,NaN,0.551793,NaN,0.037082,NaN,NaN,NA,AERONET_SEAPRISM,413_441_489_551_668_T869
AS22-00241,22,COVE,2006,8,26,14,38,-75.71,36.9,0,NaN,1.056456,NaN,NaN,NaN,NaN,0.120282,0.435702,0.377313,0.914546,NaN,NaN,0.652521,NaN,0.0493,NaN,NaN,NA,AERONET_SEAPRISM,413_441_489_551_668_T869
AS22-00242,22,COVE,2006,8,26,15,11,-75.71,36.9,0,NaN,1.053845,NaN,NaN,NaN,NaN,0.124364,-0.064079,0.475964,0.99719,NaN,NaN,0.710041,NaN,-0.078279,NaN,NaN,NA,AERONET_SEAPRISM,413_441_489_551_668_T869
AS22-00243,22,COVE,2006,8,26,15,38,-75.71,36.9,0,NaN,1.213846,NaN,NaN,NaN,NaN,0.124726,0.012979,0.565602,1.038055,NaN,NaN,0.785454,NaN,-0.056249,NaN,NaN,NA,AERONET_SEAPRISM,413_441_489_551_668_T869
AS22-00244,22,COVE,2006,8,27,13,12,-75.71,36.9,0,NaN,0.337912,NaN,NaN,NaN,NaN,0.129923,0.383859,0.565881,0.496642,NaN,NaN,0.208464,NaN,0.033463,NaN,NaN,NA,AERONET_SEAPRISM,413_441_489_551_668_T869
AS22-00245,22,COVE,2006,8,27,13,36,-75.71,36.9,0,NaN,0.778575,NaN,NaN,NaN,NaN,0.140888,0.471963,0.307267,0.728521,NaN,NaN,0.453707,NaN,0.087691,NaN,NaN,NA,AERONET_SEAPRISM,413_441_489_551_668_T869
AS22-00246,22,COVE,2006,8,27,14,38,-75.71,36.9,0,NaN,0.904729,NaN,NaN,NaN,NaN,0.170823,-0.116149,0.56841,1.079105,NaN,NaN,0.71769,NaN,-0.024468,NaN,NaN,NA,AERONET_SEAPRISM,413_441_489_551_668_T869
AS22-00247,22,COVE,2006,8,27,15,11,-75.71,36.9,0,NaN,0.8994,NaN,NaN,NaN,NaN,0.147153,-0.239519,0.516849,1.152342,NaN,NaN,0.76526,NaN,-0.076729,NaN,NaN,NA,AERONET_SEAPRISM,413_441_489_551_668_T869
AS22-00248,22,COVE,2006,8,30,12,35,-75.71,36.9,0,NaN,0.948534,NaN,NaN,NaN,NaN,0.244837,0.604302,0.693466,0.948139,NaN,NaN,0.642048,NaN,0.041805,NaN,NaN,NA,AERONET_SEAPRISM,413_441_489_551_668_T869
AS22-00249,22,COVE,2006,10,10,15,2,-75.71,36.9,0,NaN,2.519584,NaN,NaN,NaN,NaN,0.03327,1.147829,1.677894,2.383976,NaN,NaN,2.444455,NaN,0.525856,NaN,NaN,NA,AERONET_SEAPRISM,413_441_489_551_668_T869
AS22-00250,22,COVE,2006,10,10,15,23,-75.71,36.9,0,NaN,2.326744,NaN,NaN,NaN,NaN,0.0352,1.209612,1.601818,2.37337,NaN,NaN,2.357204,NaN,0.503244,NaN,NaN,NA,AERONET_SEAPRISM,413_441_489_551_668_T869
AS22-00251,22,COVE,2006,10,10,16,23,-75.71,36.9,0,NaN,2.304124,NaN,NaN,NaN,NaN,0.040535,1.248821,1.643188,2.528695,NaN,NaN,2.50241,NaN,0.509511,NaN,NaN,NA,AERONET_SEAPRISM,413_441_489_551_668_T869
AS22-00252,22,COVE,2006,10,10,17,23,-75.71,36.9,0,NaN,2.451525,NaN,NaN,NaN,NaN,0.037216,1.201548,1.556843,2.479736,NaN,NaN,2.517425,NaN,0.504141,NaN,NaN,NA,AERONET_SEAPRISM,413_441_489_551_668_T869
AS22-00253,22,COVE,2006,10,10,18,2,-75.71,36.9,0,NaN,2.673381,NaN,NaN,NaN,NaN,0.034352,1.217993,1.626142,2.327998,NaN,NaN,2.444915,NaN,0.570527,NaN,NaN,NA,AERONET_SEAPRISM,413_441_489_551_668_T869
AS22-00254,22,COVE,2006,10,10,20,2,-75.71,36.9,0,NaN,2.039227,NaN,NaN,NaN,NaN,0.02807,1.085847,1.528526,2.373161,NaN,NaN,2.233866,NaN,0.511492,NaN,NaN,NA,AERONET_SEAPRISM,413_441_489_551_668_T869
AS22-00255,22,COVE,2006,10,10,20,21,-75.71,36.9,0,NaN,3.206815,NaN,NaN,NaN,NaN,0.028116,1.777515,2.55664,2.646227,NaN,NaN,2.976039,NaN,0.834409,NaN,NaN,NA,AERONET_SEAPRISM,413_441_489_551_668_T869
AS22-00256,22,COVE,2006,10,12,20,1,-75.71,36.9,0,NaN,3.225405,NaN,NaN,NaN,NaN,0.083009,0.693932,0.988579,1.542772,NaN,NaN,1.747346,NaN,0.440777,NaN,NaN,NA,AERONET_SEAPRISM,413_441_489_551_668_T869
AS22-00257,22,COVE,2006,10,13,16,1,-75.71,36.9,0,NaN,3.32827,NaN,NaN,NaN,NaN,0.077288,0.915342,1.175156,1.848553,NaN,NaN,2.119841,NaN,0.506149,NaN,NaN,NA,AERONET_SEAPRISM,413_441_489_551_668_T869
AS22-00258,22,COVE,2006,10,14,12,20,-75.71,36.9,0,NaN,5.655533,NaN,NaN,NaN,NaN,0.025015,0.81088,1.023587,1.383428,NaN,NaN,1.939627,NaN,0.393825,NaN,NaN,NA,AERONET_SEAPRISM,413_441_489_551_668_T869
AS22-00259,22,COVE,2006,10,14,12,51,-75.71,36.9,0,NaN,2.020152,NaN,NaN,NaN,NaN,0.02235,0.945024,1.021814,1.845611,NaN,NaN,1.732843,NaN,0.620684,NaN,NaN,NA,AERONET_SEAPRISM,413_441_489_551_668_T869
AS22-00260,22,COVE,2006,10,14,13,20,-75.71,36.9,0,NaN,3.878062,NaN,NaN,NaN,NaN,0.022353,0.950508,1.041111,1.653316,NaN,NaN,2.012461,NaN,0.49768,NaN,NaN,NA,AERONET_SEAPRISM,413_441_489_551_668_T869
AS22-00261,22,COVE,2006,10,14,14,1,-75.71,36.9,0,NaN,3.673499,NaN,NaN,NaN,NaN,0.0239,0.890413,1.193156,1.667645,NaN,NaN,1.985221,NaN,0.554015,NaN,NaN,NA,AERONET_SEAPRISM,413_441_489_551_668_T869
AS22-00262,22,COVE,2006,10,14,14,22,-75.71,36.9,0,NaN,2.803619,NaN,NaN,NaN,NaN,0.026196,0.873356,1.218127,1.889847,NaN,NaN,2.024551,NaN,0.481976,NaN,NaN,NA,AERONET_SEAPRISM,413_441_489_551_668_T869
AS22-00263,22,COVE,2006,10,14,15,1,-75.71,36.9,0,NaN,2.79706,NaN,NaN,NaN,NaN,0.02548,0.965635,1.180064,1.818259,NaN,NaN,1.945911,NaN,0.46931,NaN,NaN,NA,AERONET_SEAPRISM,413_441_489_551_668_T869
AS22-00264,22,COVE,2006,10,14,15,22,-75.71,36.9,0,NaN,2.926732,NaN,NaN,NaN,NaN,0.027329,0.963438,1.26264,1.793663,NaN,NaN,1.953025,NaN,0.453027,NaN,NaN,NA,AERONET_SEAPRISM,413_441_489_551_668_T869
AS22-00265,22,COVE,2006,10,14,16,1,-75.71,36.9,0,NaN,2.858084,NaN,NaN,NaN,NaN,0.027618,0.905507,1.149483,1.750035,NaN,NaN,1.888892,NaN,0.423024,NaN,NaN,NA,AERONET_SEAPRISM,413_441_489_551_668_T869
AS22-00266,22,COVE,2006,10,14,16,22,-75.71,36.9,0,NaN,3.017301,NaN,NaN,NaN,NaN,0.027466,0.85886,1.099965,1.680593,NaN,NaN,1.853543,NaN,0.398176,NaN,NaN,NA,AERONET_SEAPRISM,413_441_489_551_668_T869
AS22-00267,22,COVE,2006,10,14,17,1,-75.71,36.9,0,NaN,2.884493,NaN,NaN,NaN,NaN,0.030324,0.865215,1.094039,1.652356,NaN,NaN,1.789876,NaN,0.385711,NaN,NaN,NA,AERONET_SEAPRISM,413_441_489_551_668_T869
AS22-00268,22,COVE,2006,10,14,17,22,-75.71,36.9,0,NaN,2.976928,NaN,NaN,NaN,NaN,0.031483,0.808637,0.990451,1.519917,NaN,NaN,1.667462,NaN,0.343208,NaN,NaN,NA,AERONET_SEAPRISM,413_441_489_551_668_T869
AS22-00269,22,COVE,2006,10,14,18,1,-75.71,36.9,0,NaN,3.109531,NaN,NaN,NaN,NaN,0.033143,0.808672,0.926751,1.452979,NaN,NaN,1.622125,NaN,0.346805,NaN,NaN,NA,AERONET_SEAPRISM,413_441_489_551_668_T869
AS22-00270,22,COVE,2006,10,14,18,22,-75.71,36.9,0,NaN,3.200087,NaN,NaN,NaN,NaN,0.030346,0.850068,1.035428,1.618562,NaN,NaN,1.82753,NaN,0.419671,NaN,NaN,NA,AERONET_SEAPRISM,413_441_489_551_668_T869
AS22-00271,22,COVE,2006,10,14,20,1,-75.71,36.9,0,NaN,2.509639,NaN,NaN,NaN,NaN,0.026546,0.609864,0.805186,1.537205,NaN,NaN,1.577841,NaN,0.377654,NaN,NaN,NA,AERONET_SEAPRISM,413_441_489_551_668_T869
AS22-00272,22,COVE,2006,10,14,20,20,-75.71,36.9,0,NaN,3.377287,NaN,NaN,NaN,NaN,0.023937,0.647131,0.828624,1.416139,NaN,NaN,1.634519,NaN,0.37424,NaN,NaN,NA,AERONET_SEAPRISM,413_441_489_551_668_T869
AS22-00273,22,COVE,2006,10,15,12,20,-75.71,36.9,0,NaN,2.734224,NaN,NaN,NaN,NaN,0.033622,0.639123,0.804435,1.249816,NaN,NaN,1.325554,NaN,0.354888,NaN,NaN,NA,AERONET_SEAPRISM,413_441_489_551_668_T869
AS22-00274,22,COVE,2006,10,15,14,0,-75.71,36.9,0,NaN,2.327324,NaN,NaN,NaN,NaN,0.054941,0.853835,1.029771,1.679763,NaN,NaN,1.670005,NaN,0.372668,NaN,NaN,NA,AERONET_SEAPRISM,413_441_489_551_668_T869
AS22-00275,22,COVE,2006,10,15,14,22,-75.71,36.9,0,NaN,2.980918,NaN,NaN,NaN,NaN,0.057718,0.806858,1.003207,1.616777,NaN,NaN,1.77548,NaN,0.388725,NaN,NaN,NA,AERONET_SEAPRISM,413_441_489_551_668_T869
AS22-00276,22,COVE,2006,10,15,16,0,-75.71,36.9,0,NaN,3.222918,NaN,NaN,NaN,NaN,0.049647,0.932333,1.165847,1.703719,NaN,NaN,1.927818,NaN,0.390104,NaN,NaN,NA,AERONET_SEAPRISM,413_441_489_551_668_T869
AS22-00277,22,COVE,2006,10,15,16,22,-75.71,36.9,0,NaN,2.920978,NaN,NaN,NaN,NaN,0.061355,0.919305,1.166887,1.750995,NaN,NaN,1.906123,NaN,0.422595,NaN,NaN,NA,AERONET_SEAPRISM,413_441_489_551_668_T869
AS22-00278,22,COVE,2006,10,15,17,0,-75.71,36.9,0,NaN,2.767821,NaN,NaN,NaN,NaN,0.05108,0.83495,1.089817,1.694934,NaN,NaN,1.806479,NaN,0.380862,NaN,NaN,NA,AERONET_SEAPRISM,413_441_489_551_668_T869
AS22-00279,22,COVE,2006,10,15,17,22,-75.71,36.9,0,NaN,2.82318,NaN,NaN,NaN,NaN,0.047414,0.900667,1.079588,1.718299,NaN,NaN,1.846337,NaN,0.38017,NaN,NaN,NA,AERONET_SEAPRISM,413_441_489_551_668_T869
AS22-00280,22,COVE,2006,10,15,18,0,-75.71,36.9,0,NaN,2.396447,NaN,NaN,NaN,NaN,0.047755,0.899713,1.110269,1.776488,NaN,NaN,1.787012,NaN,0.395685,NaN,NaN,NA,AERONET_SEAPRISM,413_441_489_551_668_T869
AS22-00281,22,COVE,2006,10,15,18,22,-75.71,36.9,0,NaN,2.809467,NaN,NaN,NaN,NaN,0.044508,0.820677,1.117234,1.684717,NaN,NaN,1.805811,NaN,0.389823,NaN,NaN,NA,AERONET_SEAPRISM,413_441_489_551_668_T869
AS22-00282,22,COVE,2006,10,16,15,22,-75.71,36.9,0,NaN,3.067565,NaN,NaN,NaN,NaN,0.036626,0.665782,0.888835,1.441858,NaN,NaN,1.60158,NaN,0.336874,NaN,NaN,NA,AERONET_SEAPRISM,413_441_489_551_668_T869
AS22-00283,22,COVE,2006,10,16,16,22,-75.71,36.9,0,NaN,3.93615,NaN,NaN,NaN,NaN,0.043772,0.690342,0.819421,1.275334,NaN,NaN,1.561015,NaN,0.34537,NaN,NaN,NA,AERONET_SEAPRISM,413_441_489_551_668_T869
AS22-00284,22,COVE,2006,10,16,17,0,-75.71,36.9,0,NaN,4.21148,NaN,NaN,NaN,NaN,0.042882,0.643105,0.813274,1.243699,NaN,NaN,1.562122,NaN,0.35938,NaN,NaN,NA,AERONET_SEAPRISM,413_441_489_551_668_T869
AS22-00285,22,COVE,2006,10,20,19,59,-75.71,36.9,0,NaN,2.092143,NaN,NaN,NaN,NaN,0.039025,0.037399,0.181197,0.350551,NaN,NaN,0.334102,NaN,0.06115,NaN,NaN,NA,AERONET_SEAPRISM,413_441_489_551_668_T869
AS22-00286,22,COVE,2006,10,21,13,19,-75.71,36.9,0,NaN,nan,NaN,NaN,NaN,NaN,0.043936,nan,nan,nan,NaN,NaN,nan,NaN,nan,NaN,NaN,NA,AERONET_SEAPRISM,413_441_489_551_668_T869
AS22-00287,22,COVE,2006,10,21,13,59,-75.71,36.9,0,NaN,4.737765,NaN,NaN,NaN,NaN,0.043857,0.137281,0.234735,0.377255,NaN,NaN,0.495802,NaN,0.094264,NaN,NaN,NA,AERONET_SEAPRISM,413_441_489_551_668_T869
AS22-00288,22,COVE,2006,10,21,14,21,-75.71,36.9,0,NaN,3.375287,NaN,NaN,NaN,NaN,0.055717,0.168151,0.240395,0.418536,NaN,NaN,0.483042,NaN,0.126325,NaN,NaN,NA,AERONET_SEAPRISM,413_441_489_551_668_T869
AS22-00289,22,COVE,2006,10,21,17,59,-75.71,36.9,0,NaN,2.955205,NaN,NaN,NaN,NaN,0.043718,0.201261,0.215556,0.395454,NaN,NaN,0.433257,NaN,0.080919,NaN,NaN,NA,AERONET_SEAPRISM,413_441_489_551_668_T869
AS22-00290,22,COVE,2006,10,21,18,21,-75.71,36.9,0,NaN,3.488769,NaN,NaN,NaN,NaN,0.036092,0.209234,0.240403,0.355539,NaN,NaN,0.415061,NaN,0.090081,NaN,NaN,NA,AERONET_SEAPRISM,413_441_489_551_668_T869
AS22-00291,22,COVE,2006,10,21,19,59,-75.71,36.9,0,NaN,4.958005,NaN,NaN,NaN,NaN,0.03298,0.062896,0.137668,0.264623,NaN,NaN,0.354323,NaN,0.06815,NaN,NaN,NA,AERONET_SEAPRISM,413_441_489_551_668_T869
AS22-00292,22,COVE,2006,10,21,20,19,-75.71,36.9,0,NaN,5.164265,NaN,NaN,NaN,NaN,0.030382,0.057691,0.120585,0.275973,NaN,NaN,0.375684,NaN,0.112377,NaN,NaN,NA,AERONET_SEAPRISM,413_441_489_551_668_T869
AS22-00293,22,COVE,2006,10,23,16,59,-75.71,36.9,0,NaN,2.269129,NaN,NaN,NaN,NaN,0.028622,0.352699,0.412733,0.585038,NaN,NaN,0.574882,NaN,0.114766,NaN,NaN,NA,AERONET_SEAPRISM,413_441_489_551_668_T869
AS22-00294,22,COVE,2006,10,26,12,52,-75.71,36.9,0,NaN,1.113493,NaN,NaN,NaN,NaN,0.027417,0.11336,0.228146,0.714352,NaN,NaN,0.522285,NaN,0.131974,NaN,NaN,NA,AERONET_SEAPRISM,413_441_489_551_668_T869
AS22-00295,22,COVE,2006,10,26,13,22,-75.71,36.9,0,NaN,2.203907,NaN,NaN,NaN,NaN,0.020993,0.194129,0.261227,0.491432,NaN,NaN,0.478391,NaN,0.086845,NaN,NaN,NA,AERONET_SEAPRISM,413_441_489_551_668_T869
AS22-00296,22,COVE,2006,10,26,13,58,-75.71,36.9,0,NaN,2.554864,NaN,NaN,NaN,NaN,0.021265,0.246913,0.299535,0.474648,NaN,NaN,0.489953,NaN,0.084099,NaN,NaN,NA,AERONET_SEAPRISM,413_441_489_551_668_T869
AS22-00297,22,COVE,2006,10,26,14,20,-75.71,36.9,0,NaN,2.448548,NaN,NaN,NaN,NaN,0.022345,0.276362,0.273577,0.503271,NaN,NaN,0.511299,NaN,0.095906,NaN,NaN,NA,AERONET_SEAPRISM,413_441_489_551_668_T869
AS22-00298,22,COVE,2006,10,26,15,20,-75.71,36.9,0,NaN,1.703635,NaN,NaN,NaN,NaN,0.022775,0.278277,0.445503,0.567065,NaN,NaN,0.494219,NaN,0.144526,NaN,NaN,NA,AERONET_SEAPRISM,413_441_489_551_668_T869
AS22-00299,22,COVE,2006,10,26,15,58,-75.71,36.9,0,NaN,3.352739,NaN,NaN,NaN,NaN,0.017529,0.284026,0.325757,0.535074,NaN,NaN,0.615608,NaN,0.095912,NaN,NaN,NA,AERONET_SEAPRISM,413_441_489_551_668_T869
AS22-00300,22,COVE,2006,10,26,16,58,-75.71,36.9,0,NaN,3.469301,NaN,NaN,NaN,NaN,0.020372,0.325237,0.436273,0.449751,NaN,NaN,0.52164,NaN,0.098413,NaN,NaN,NA,AERONET_SEAPRISM,413_441_489_551_668_T869
AS22-00301,22,COVE,2006,10,26,17,20,-75.71,36.9,0,NaN,3.847942,NaN,NaN,NaN,NaN,0.021072,0.252868,0.310359,0.436656,NaN,NaN,0.52928,NaN,0.094203,NaN,NaN,NA,AERONET_SEAPRISM,413_441_489_551_668_T869
AS22-00302,22,COVE,2006,10,26,17,58,-75.71,36.9,0,NaN,2.290568,NaN,NaN,NaN,NaN,0.020982,0.196044,0.288655,0.470405,NaN,NaN,0.464642,NaN,0.085616,NaN,NaN,NA,AERONET_SEAPRISM,413_441_489_551_668_T869
AS22-00303,22,COVE,2006,10,26,19,58,-75.71,36.9,0,NaN,3.144114,NaN,NaN,NaN,NaN,0.024624,0.075125,0.171955,0.359928,NaN,NaN,0.404536,NaN,0.082226,NaN,NaN,NA,AERONET_SEAPRISM,413_441_489_551_668_T869
AS22-00304,22,COVE,2006,10,26,20,18,-75.71,36.9,0,NaN,2.216545,NaN,NaN,NaN,NaN,0.023206,0.072275,0.128589,0.406662,NaN,NaN,0.398049,NaN,0.097562,NaN,NaN,NA,AERONET_SEAPRISM,413_441_489_551_668_T869
AS22-00305,22,COVE,2006,10,29,15,20,-75.71,36.9,0,NaN,3.714924,NaN,NaN,NaN,NaN,0.03025,0.710634,0.977431,1.503135,NaN,NaN,1.798912,NaN,0.588486,NaN,NaN,NA,AERONET_SEAPRISM,413_441_489_551_668_T869
AS22-00306,22,COVE,2006,10,30,12,48,-75.71,36.9,0,NaN,3.337282,NaN,NaN,NaN,NaN,0.015768,0.313564,0.477373,1.079742,NaN,NaN,1.243034,NaN,0.346976,NaN,NaN,NA,AERONET_SEAPRISM,413_441_489_551_668_T869
AS22-00307,22,COVE,2006,10,30,13,28,-75.71,36.9,0,NaN,4.261646,NaN,NaN,NaN,NaN,0.015789,0.34895,0.616324,1.055986,NaN,NaN,1.333748,NaN,0.40094,NaN,NaN,NA,AERONET_SEAPRISM,413_441_489_551_668_T869
AS22-00308,22,COVE,2006,10,30,13,58,-75.71,36.9,0,NaN,4.580354,NaN,NaN,NaN,NaN,0.015677,0.441237,0.64714,1.04189,NaN,NaN,1.351883,NaN,0.399745,NaN,NaN,NA,AERONET_SEAPRISM,413_441_489_551_668_T869
AS22-00309,22,COVE,2006,10,30,14,20,-75.71,36.9,0,NaN,4.705901,NaN,NaN,NaN,NaN,0.016947,0.411699,0.593089,1.040356,NaN,NaN,1.364827,NaN,0.384606,NaN,NaN,NA,AERONET_SEAPRISM,413_441_489_551_668_T869
AS22-00310,22,COVE,2006,10,30,14,58,-75.71,36.9,0,NaN,4.544103,NaN,NaN,NaN,NaN,0.017131,0.454706,0.639603,1.041723,NaN,NaN,1.347733,NaN,0.364501,NaN,NaN,NA,AERONET_SEAPRISM,413_441_489_551_668_T869
AS22-00311,22,COVE,2006,10,30,15,20,-75.71,36.9,0,NaN,4.580193,NaN,NaN,NaN,NaN,0.01821,0.448959,0.651422,1.058427,NaN,NaN,1.373436,NaN,0.366097,NaN,NaN,NA,AERONET_SEAPRISM,413_441_489_551_668_T869
AS22-00312,22,COVE,2006,10,30,15,58,-75.71,36.9,0,NaN,4.743558,NaN,NaN,NaN,NaN,0.018517,0.497863,0.646961,1.054962,NaN,NaN,1.387293,NaN,0.35486,NaN,NaN,NA,AERONET_SEAPRISM,413_441_489_551_668_T869
AS22-00313,22,COVE,2006,10,30,16,20,-75.71,36.9,0,NaN,4.828352,NaN,NaN,NaN,NaN,0.019187,0.486894,0.649154,1.060616,NaN,NaN,1.404127,NaN,0.360063,NaN,NaN,NA,AERONET_SEAPRISM,413_441_489_551_668_T869
AS22-00314,22,COVE,2006,10,30,16,58,-75.71,36.9,0,NaN,4.530706,NaN,NaN,NaN,NaN,0.021104,0.470238,0.623458,1.044769,NaN,NaN,1.350498,NaN,0.348857,NaN,NaN,NA,AERONET_SEAPRISM,413_441_489_551_668_T869
AS22-00315,22,COVE,2006,10,30,17,20,-75.71,36.9,0,NaN,4.736344,NaN,NaN,NaN,NaN,0.021211,0.487697,0.638837,1.017089,NaN,NaN,1.336429,NaN,0.342067,NaN,NaN,NA,AERONET_SEAPRISM,413_441_489_551_668_T869
AS22-00316,22,COVE,2006,10,30,17,58,-75.71,36.9,0,NaN,4.825785,NaN,NaN,NaN,NaN,0.021596,0.4647,0.607795,0.981068,NaN,NaN,1.298412,NaN,0.344792,NaN,NaN,NA,AERONET_SEAPRISM,413_441_489_551_668_T869
AS22-00317,22,COVE,2006,10,30,18,20,-75.71,36.9,0,NaN,5.003007,NaN,NaN,NaN,NaN,0.021248,0.456635,0.578462,0.964428,NaN,NaN,1.294238,NaN,0.328481,NaN,NaN,NA,AERONET_SEAPRISM,413_441_489_551_668_T869
AS22-00318,22,COVE,2006,10,30,20,28,-75.71,36.9,0,NaN,5.835465,NaN,NaN,NaN,NaN,0.018785,0.31053,0.440545,0.819112,NaN,NaN,1.165299,NaN,0.341186,NaN,NaN,NA,AERONET_SEAPRISM,413_441_489_551_668_T869
AS22-00319,22,COVE,2006,11,1,13,58,-75.71,36.9,0,NaN,6.20746,NaN,NaN,NaN,NaN,0.045145,0.259397,0.358898,0.553474,NaN,NaN,0.804262,NaN,0.199033,NaN,NaN,NA,AERONET_SEAPRISM,413_441_489_551_668_T869
AS22-00320,22,COVE,2006,11,1,17,20,-75.71,36.9,0,NaN,4.196558,NaN,NaN,NaN,NaN,0.070214,0.368585,0.419767,0.619023,NaN,NaN,0.776178,NaN,0.223362,NaN,NaN,NA,AERONET_SEAPRISM,413_441_489_551_668_T869
AS22-00321,22,COVE,2006,11,1,17,58,-75.71,36.9,0,NaN,4.699649,NaN,NaN,NaN,NaN,0.067071,0.247972,0.385281,0.596636,NaN,NaN,0.781457,NaN,0.198381,NaN,NaN,NA,AERONET_SEAPRISM,413_441_489_551_668_T869
AS22-00322,22,COVE,2006,11,1,18,20,-75.71,36.9,0,NaN,4.692602,NaN,NaN,NaN,NaN,0.061441,0.340867,0.377497,0.588611,NaN,NaN,0.770557,NaN,0.218194,NaN,NaN,NA,AERONET_SEAPRISM,413_441_489_551_668_T869
AS22-00323,22,COVE,2006,11,1,20,25,-75.71,36.9,0,NaN,4.544021,NaN,NaN,NaN,NaN,0.051839,0.127618,0.23613,0.541886,NaN,NaN,0.702893,NaN,0.222309,NaN,NaN,NA,AERONET_SEAPRISM,413_441_489_551_668_T869
AS22-00324,22,COVE,2006,11,1,20,51,-75.71,36.9,0,NaN,6.329121,NaN,NaN,NaN,NaN,0.060541,-0.061207,0.200701,0.473807,NaN,NaN,0.695713,NaN,0.247894,NaN,NaN,NA,AERONET_SEAPRISM,413_441_489_551_668_T869
AS22-00325,22,COVE,2006,11,3,16,20,-75.71,36.9,0,NaN,4.846318,NaN,NaN,NaN,NaN,0.031243,0.2081,0.295332,0.513545,NaN,NaN,0.681195,NaN,0.186921,NaN,NaN,NA,AERONET_SEAPRISM,413_441_489_551_668_T869
AS22-00326,22,COVE,2006,11,3,16,58,-75.71,36.9,0,NaN,2.812449,NaN,NaN,NaN,NaN,0.02984,0.239406,0.320668,0.503545,NaN,NaN,0.540176,NaN,0.148015,NaN,NaN,NA,AERONET_SEAPRISM,413_441_489_551_668_T869
AS22-00327,22,COVE,2006,11,4,14,20,-75.71,36.9,0,NaN,3.110633,NaN,NaN,NaN,NaN,0.028588,0.203138,0.381768,0.549505,NaN,NaN,0.613049,NaN,0.207513,NaN,NaN,NA,AERONET_SEAPRISM,413_441_489_551_668_T869
AS22-00328,22,COVE,2006,11,5,14,20,-75.71,36.9,0,NaN,3.719565,NaN,NaN,NaN,NaN,0.035476,0.191835,0.234338,0.406354,NaN,NaN,0.487074,NaN,0.121391,NaN,NaN,NA,AERONET_SEAPRISM,413_441_489_551_668_T869
AS22-00329,22,COVE,2006,11,5,15,20,-75.71,36.9,0,NaN,3.728175,NaN,NaN,NaN,NaN,0.047511,0.211865,0.211303,0.416422,NaN,NaN,0.500097,NaN,0.103455,NaN,NaN,NA,AERONET_SEAPRISM,413_441_489_551_668_T869
AS22-00330,22,COVE,2006,11,5,15,58,-75.71,36.9,0,NaN,3.596604,NaN,NaN,NaN,NaN,0.033099,0.259038,0.253841,0.469508,NaN,NaN,0.555759,NaN,0.114618,NaN,NaN,NA,AERONET_SEAPRISM,413_441_489_551_668_T869
AS22-00331,22,COVE,2006,11,5,16,20,-75.71,36.9,0,NaN,4.435774,NaN,NaN,NaN,NaN,0.035942,0.2694,0.293466,0.448908,NaN,NaN,0.575132,NaN,0.112748,NaN,NaN,NA,AERONET_SEAPRISM,413_441_489_551_668_T869
AS22-00332,22,COVE,2006,11,5,16,58,-75.71,36.9,0,NaN,4.005437,NaN,NaN,NaN,NaN,0.036241,0.247631,0.286999,0.456415,NaN,NaN,0.562538,NaN,0.113166,NaN,NaN,NA,AERONET_SEAPRISM,413_441_489_551_668_T869
AS22-00333,22,COVE,2006,11,5,17,20,-75.71,36.9,0,NaN,3.809049,NaN,NaN,NaN,NaN,0.037437,0.251827,0.285508,0.470571,NaN,NaN,0.569019,NaN,0.117298,NaN,NaN,NA,AERONET_SEAPRISM,413_441_489_551_668_T869
AS22-00334,22,COVE,2006,11,5,17,58,-75.71,36.9,0,NaN,3.805414,NaN,NaN,NaN,NaN,0.040766,0.182984,0.272578,0.40983,NaN,NaN,0.494963,NaN,0.114713,NaN,NaN,NA,AERONET_SEAPRISM,413_441_489_551_668_T869
AS22-00335,22,COVE,2006,11,5,18,20,-75.71,36.9,0,NaN,4.582138,NaN,NaN,NaN,NaN,0.043166,0.21862,0.24653,0.409367,NaN,NaN,0.531392,NaN,0.115587,NaN,NaN,NA,AERONET_SEAPRISM,413_441_489_551_668_T869
AS22-00336,22,COVE,2006,11,5,20,21,-75.71,36.9,0,NaN,2.622876,NaN,NaN,NaN,NaN,0.047315,-0.013295,0.040818,0.432791,NaN,NaN,0.455053,NaN,0.175142,NaN,NaN,NA,AERONET_SEAPRISM,413_441_489_551_668_T869
AS22-00337,22,COVE,2006,11,6,13,58,-75.71,36.9,0,NaN,3.67746,NaN,NaN,NaN,NaN,0.025612,0.134567,0.273432,0.4112,NaN,NaN,0.490075,NaN,0.095504,NaN,NaN,NA,AERONET_SEAPRISM,413_441_489_551_668_T869
AS22-00338,22,COVE,2006,11,6,14,20,-75.71,36.9,0,NaN,4.07091,NaN,NaN,NaN,NaN,0.025447,0.112594,0.259001,0.377093,NaN,NaN,0.467283,NaN,0.117833,NaN,NaN,NA,AERONET_SEAPRISM,413_441_489_551_668_T869
AS22-00339,22,COVE,2006,11,6,20,50,-75.71,36.9,0,NaN,3.987765,NaN,NaN,NaN,NaN,0.141422,0.132333,0.17557,0.464757,NaN,NaN,0.573948,NaN,0.180632,NaN,NaN,NA,AERONET_SEAPRISM,413_441_489_551_668_T869
AS22-00340,22,COVE,2006,11,17,17,21,-75.71,36.9,0,NaN,3.252996,NaN,NaN,NaN,NaN,0.024765,0.823535,1.193059,1.70326,NaN,NaN,1.933902,NaN,0.407403,NaN,NaN,NA,AERONET_SEAPRISM,413_441_489_551_668_T869
AS22-00341,22,COVE,2006,11,17,17,59,-75.71,36.9,0,NaN,2.793564,NaN,NaN,NaN,NaN,0.026237,0.92546,1.284741,1.756181,NaN,NaN,1.876262,NaN,0.4514,NaN,NaN,NA,AERONET_SEAPRISM,413_441_489_551_668_T869
AS22-00342,22,COVE,2006,11,24,19,1,-75.71,36.9,0,NaN,2.315941,NaN,NaN,NaN,NaN,0.013437,0.967612,1.204943,1.979464,NaN,NaN,1.964161,NaN,0.572263,NaN,NaN,NA,AERONET_SEAPRISM,413_441_489_551_668_T869
AS22-00343,22,COVE,2006,11,25,13,21,-75.71,36.9,0,NaN,3.332101,NaN,NaN,NaN,NaN,0.03245,0.84862,1.098992,1.628139,NaN,NaN,1.866847,NaN,0.418406,NaN,NaN,NA,AERONET_SEAPRISM,413_441_489_551_668_T869
AS22-00344,22,COVE,2006,11,25,14,1,-75.71,36.9,0,NaN,2.449517,NaN,NaN,NaN,NaN,0.031113,0.857471,1.142549,1.804775,NaN,NaN,1.831456,NaN,0.43301,NaN,NaN,NA,AERONET_SEAPRISM,413_441_489_551_668_T869
AS22-00345,22,COVE,2006,11,25,14,23,-75.71,36.9,0,NaN,3.512044,NaN,NaN,NaN,NaN,0.032486,0.881319,1.190991,1.703384,NaN,NaN,1.993049,NaN,0.436567,NaN,NaN,NA,AERONET_SEAPRISM,413_441_489_551_668_T869
AS22-00346,22,COVE,2006,11,25,15,1,-75.71,36.9,0,NaN,3.076589,NaN,NaN,NaN,NaN,0.040902,0.905525,1.355507,1.981617,NaN,NaN,2.201509,NaN,0.473361,NaN,NaN,NA,AERONET_SEAPRISM,413_441_489_551_668_T869
AS22-00347,22,COVE,2006,11,25,15,23,-75.71,36.9,0,NaN,3.135805,NaN,NaN,NaN,NaN,0.042324,0.935909,1.302792,1.93325,NaN,NaN,2.164351,NaN,0.434324,NaN,NaN,NA,AERONET_SEAPRISM,413_441_489_551_668_T869
AS22-00348,22,COVE,2006,11,25,16,1,-75.71,36.9,0,NaN,2.589171,NaN,NaN,NaN,NaN,0.042885,0.942106,1.198752,1.951817,NaN,NaN,2.026119,NaN,0.448487,NaN,NaN,NA,AERONET_SEAPRISM,413_441_489_551_668_T869
AS22-00349,22,COVE,2006,11,25,16,23,-75.71,36.9,0,NaN,3.824515,NaN,NaN,NaN,NaN,0.041196,0.980268,1.403058,1.96127,NaN,NaN,2.371527,NaN,0.439676,NaN,NaN,NA,AERONET_SEAPRISM,413_441_489_551_668_T869
AS22-00350,22,COVE,2006,11,25,17,1,-75.71,36.9,0,NaN,2.571563,NaN,NaN,NaN,NaN,0.045772,0.974652,1.301469,2.061109,NaN,NaN,2.133153,NaN,0.466464,NaN,NaN,NA,AERONET_SEAPRISM,413_441_489_551_668_T869
AS22-00351,22,COVE,2006,11,25,17,23,-75.71,36.9,0,NaN,2.789459,NaN,NaN,NaN,NaN,0.047571,0.998646,1.536801,2.195863,NaN,NaN,2.345718,NaN,0.583505,NaN,NaN,NA,AERONET_SEAPRISM,413_441_489_551_668_T869
AS22-00352,22,COVE,2006,11,26,14,2,-75.71,36.9,0,NaN,2.664747,NaN,NaN,NaN,NaN,0.058282,0.839135,1.147465,1.926371,NaN,NaN,2.023539,NaN,0.46929,NaN,NaN,NA,AERONET_SEAPRISM,413_441_489_551_668_T869
AS22-00353,22,COVE,2006,11,26,14,23,-75.71,36.9,0,NaN,3.108863,NaN,NaN,NaN,NaN,0.051898,0.804622,1.257143,1.690967,NaN,NaN,1.884736,NaN,0.429976,NaN,NaN,NA,AERONET_SEAPRISM,413_441_489_551_668_T869
AS22-00354,22,COVE,2006,11,26,15,2,-75.71,36.9,0,NaN,2.563862,NaN,NaN,NaN,NaN,0.059094,0.913709,1.052666,1.885821,NaN,NaN,1.951472,NaN,0.419257,NaN,NaN,NA,AERONET_SEAPRISM,413_441_489_551_668_T869
AS22-00355,22,COVE,2006,11,26,15,23,-75.71,36.9,0,NaN,3.855291,NaN,NaN,NaN,NaN,0.052733,0.845225,1.146165,1.725004,NaN,NaN,2.09388,NaN,0.486665,NaN,NaN,NA,AERONET_SEAPRISM,413_441_489_551_668_T869
AS22-00356,22,COVE,2006,11,26,16,2,-75.71,36.9,0,NaN,2.712646,NaN,NaN,NaN,NaN,0.053972,0.763094,1.09912,1.791346,NaN,NaN,1.894712,NaN,0.450835,NaN,NaN,NA,AERONET_SEAPRISM,413_441_489_551_668_T869
AS22-00357,22,COVE,2006,11,26,16,23,-75.71,36.9,0,NaN,2.82547,NaN,NaN,NaN,NaN,0.048369,0.804534,1.000087,1.880221,NaN,NaN,2.023834,NaN,0.483592,NaN,NaN,NA,AERONET_SEAPRISM,413_441_489_551_668_T869
AS22-00358,22,COVE,2006,11,26,17,2,-75.71,36.9,0,NaN,2.88013,NaN,NaN,NaN,NaN,0.046394,0.900468,1.068405,1.837061,NaN,NaN,1.991102,NaN,0.468641,NaN,NaN,NA,AERONET_SEAPRISM,413_441_489_551_668_T869
AS22-00359,22,COVE,2006,11,26,18,2,-75.71,36.9,0,NaN,2.916327,NaN,NaN,NaN,NaN,0.048087,0.85524,1.136736,1.834387,NaN,NaN,1.997005,NaN,0.443831,NaN,NaN,NA,AERONET_SEAPRISM,413_441_489_551_668_T869
AS22-00360,22,COVE,2006,11,26,18,23,-75.71,36.9,0,NaN,3.270017,NaN,NaN,NaN,NaN,0.054938,0.92698,1.162121,1.823862,NaN,NaN,2.077018,NaN,0.471478,NaN,NaN,NA,AERONET_SEAPRISM,413_441_489_551_668_T869
AS22-00361,22,COVE,2006,11,26,19,2,-75.71,36.9,0,NaN,3.438008,NaN,NaN,NaN,NaN,0.05891,0.944763,1.101182,1.84283,NaN,NaN,2.141516,NaN,0.491323,NaN,NaN,NA,AERONET_SEAPRISM,413_441_489_551_668_T869
AS22-00362,22,COVE,2006,11,27,13,22,-75.71,36.9,0,NaN,3.225527,NaN,NaN,NaN,NaN,0.032086,0.70847,0.930224,1.487873,NaN,NaN,1.685577,NaN,0.461673,NaN,NaN,NA,AERONET_SEAPRISM,413_441_489_551_668_T869
AS22-00363,22,COVE,2006,11,27,14,4,-75.71,36.9,0,NaN,3.560754,NaN,NaN,NaN,NaN,0.039994,0.768335,1.012944,1.64243,NaN,NaN,1.934423,NaN,0.41885,NaN,NaN,NA,AERONET_SEAPRISM,413_441_489_551_668_T869
AS22-00364,22,COVE,2006,11,27,17,24,-75.71,36.9,0,NaN,3.168235,NaN,NaN,NaN,NaN,0.086497,0.923575,1.252062,1.762818,NaN,NaN,1.980522,NaN,0.459736,NaN,NaN,NA,AERONET_SEAPRISM,413_441_489_551_668_T869
AS22-00365,22,COVE,2006,11,30,14,3,-75.71,36.9,0,NaN,3.431826,NaN,NaN,NaN,NaN,0.112075,0.338068,0.493224,0.868753,NaN,NaN,1.00929,NaN,0.292139,NaN,NaN,NA,AERONET_SEAPRISM,413_441_489_551_668_T869
AS22-00366,22,COVE,2006,11,30,16,3,-75.71,36.9,0,NaN,4.766661,NaN,NaN,NaN,NaN,0.054278,0.342759,0.576961,0.9532,NaN,NaN,1.255927,NaN,0.388627,NaN,NaN,NA,AERONET_SEAPRISM,413_441_489_551_668_T869
AS22-00367,22,COVE,2006,11,30,16,25,-75.71,36.9,0,NaN,6.085317,NaN,NaN,NaN,NaN,0.046079,0.332694,0.564914,0.895963,NaN,NaN,1.292779,NaN,0.378739,NaN,NaN,NA,AERONET_SEAPRISM,413_441_489_551_668_T869
AS22-00368,22,COVE,2006,12,2,19,4,-75.71,36.9,0,NaN,7.448343,NaN,NaN,NaN,NaN,0.024162,0.386299,0.58797,0.922109,NaN,NaN,1.432223,NaN,0.276005,NaN,NaN,NA,AERONET_SEAPRISM,413_441_489_551_668_T869
AS22-00369,22,COVE,2006,12,4,19,4,-75.71,36.9,0,NaN,3.141893,NaN,NaN,NaN,NaN,0.014043,0.755643,0.86491,1.461318,NaN,NaN,1.639227,NaN,0.303418,NaN,NaN,NA,AERONET_SEAPRISM,413_441_489_551_668_T869
AS22-00370,22,COVE,2006,12,5,14,6,-75.71,36.9,0,NaN,3.171344,NaN,NaN,NaN,NaN,0.025267,0.443791,0.682076,0.997265,NaN,NaN,1.121292,NaN,0.269004,NaN,NaN,NA,AERONET_SEAPRISM,413_441_489_551_668_T869
AS22-00371,22,COVE,2006,12,5,14,26,-75.71,36.9,0,NaN,1.542568,NaN,NaN,NaN,NaN,0.029042,0.671655,0.850552,1.51294,NaN,NaN,1.268548,NaN,0.241465,NaN,NaN,NA,AERONET_SEAPRISM,413_441_489_551_668_T869
AS22-00372,22,COVE,2006,12,5,15,26,-75.71,36.9,0,NaN,2.903978,NaN,NaN,NaN,NaN,0.023653,0.600246,0.756026,1.262276,NaN,NaN,1.372273,NaN,0.250835,NaN,NaN,NA,AERONET_SEAPRISM,413_441_489_551_668_T869
AS22-00373,22,COVE,2006,12,5,16,5,-75.71,36.9,0,NaN,2.882562,NaN,NaN,NaN,NaN,0.030105,0.611363,0.696968,1.185954,NaN,NaN,1.285716,NaN,0.228479,NaN,NaN,NA,AERONET_SEAPRISM,413_441_489_551_668_T869
AS22-00374,22,COVE,2006,12,5,16,26,-75.71,36.9,0,NaN,2.306756,NaN,NaN,NaN,NaN,0.028551,0.569416,0.774193,1.241302,NaN,NaN,1.229441,NaN,0.270721,NaN,NaN,NA,AERONET_SEAPRISM,413_441_489_551_668_T869
AS22-00375,22,COVE,2006,12,5,17,5,-75.71,36.9,0,NaN,2.664591,NaN,NaN,NaN,NaN,0.026282,0.543086,0.717687,1.217362,NaN,NaN,1.278851,NaN,0.268199,NaN,NaN,NA,AERONET_SEAPRISM,413_441_489_551_668_T869
AS22-00376,22,COVE,2006,12,5,17,26,-75.71,36.9,0,NaN,2.850739,NaN,NaN,NaN,NaN,0.025105,0.474085,0.748375,1.258524,NaN,NaN,1.358225,NaN,0.25358,NaN,NaN,NA,AERONET_SEAPRISM,413_441_489_551_668_T869
AS22-00377,22,COVE,2006,12,5,18,5,-75.71,36.9,0,NaN,2.875101,NaN,NaN,NaN,NaN,0.024575,0.520943,0.710455,1.167671,NaN,NaN,1.264204,NaN,0.241594,NaN,NaN,NA,AERONET_SEAPRISM,413_441_489_551_668_T869
AS22-00378,22,COVE,2006,12,5,18,26,-75.71,36.9,0,NaN,2.409994,NaN,NaN,NaN,NaN,0.022679,0.540578,0.751434,1.231104,NaN,NaN,1.241501,NaN,0.265962,NaN,NaN,NA,AERONET_SEAPRISM,413_441_489_551_668_T869
AS22-00379,22,COVE,2006,12,5,19,5,-75.71,36.9,0,NaN,3.082038,NaN,NaN,NaN,NaN,0.021763,0.462674,0.694353,1.100717,NaN,NaN,1.224672,NaN,0.252756,NaN,NaN,NA,AERONET_SEAPRISM,413_441_489_551_668_T869
AS22-00380,22,COVE,2006,12,6,13,25,-75.71,36.9,0,NaN,2.84693,NaN,NaN,NaN,NaN,0.018301,0.208138,0.429875,0.862684,NaN,NaN,0.931844,NaN,0.170592,NaN,NaN,NA,AERONET_SEAPRISM,413_441_489_551_668_T869
AS22-00381,22,COVE,2006,12,6,14,7,-75.71,36.9,0,NaN,2.167565,NaN,NaN,NaN,NaN,0.017778,0.357436,0.488198,0.856171,NaN,NaN,0.827319,NaN,0.17324,NaN,NaN,NA,AERONET_SEAPRISM,413_441_489_551_668_T869
AS22-00382,22,COVE,2006,12,6,14,27,-75.71,36.9,0,NaN,2.769128,NaN,NaN,NaN,NaN,0.019298,0.300909,0.506629,0.832221,NaN,NaN,0.887603,NaN,0.173988,NaN,NaN,NA,AERONET_SEAPRISM,413_441_489_551_668_T869
AS22-00383,22,COVE,2006,12,6,18,5,-75.71,36.9,0,NaN,2.261144,NaN,NaN,NaN,NaN,0.04138,0.441953,0.591119,0.925993,NaN,NaN,0.909502,NaN,0.190237,NaN,NaN,NA,AERONET_SEAPRISM,413_441_489_551_668_T869
AS22-00384,22,COVE,2006,12,6,18,27,-75.71,36.9,0,NaN,1.79275,NaN,NaN,NaN,NaN,0.024009,0.364483,0.54416,0.97217,NaN,NaN,0.868469,NaN,0.170576,NaN,NaN,NA,AERONET_SEAPRISM,413_441_489_551_668_T869
AS22-00385,22,COVE,2006,12,10,15,7,-75.71,36.9,0,NaN,3.581829,NaN,NaN,NaN,NaN,0.010268,0.465032,0.555999,1.106108,NaN,NaN,1.307936,NaN,0.375843,NaN,NaN,NA,AERONET_SEAPRISM,413_441_489_551_668_T869
AS22-00386,22,COVE,2006,12,10,16,7,-75.71,36.9,0,NaN,4.470021,NaN,NaN,NaN,NaN,0.010132,0.567388,0.802863,1.318022,NaN,NaN,1.694686,NaN,0.467852,NaN,NaN,NA,AERONET_SEAPRISM,413_441_489_551_668_T869
AS22-00387,22,COVE,2006,12,10,16,29,-75.71,36.9,0,NaN,4.467483,NaN,NaN,NaN,NaN,0.009717,0.531464,0.719032,1.235929,NaN,NaN,1.589427,NaN,0.467551,NaN,NaN,NA,AERONET_SEAPRISM,413_441_489_551_668_T869
AS22-00388,22,COVE,2006,12,10,17,7,-75.71,36.9,0,NaN,4.115425,NaN,NaN,NaN,NaN,0.010844,0.559053,0.649134,1.254151,NaN,NaN,1.564491,NaN,0.469758,NaN,NaN,NA,AERONET_SEAPRISM,413_441_489_551_668_T869
AS22-00389,22,COVE,2006,12,10,17,29,-75.71,36.9,0,NaN,4.957462,NaN,NaN,NaN,NaN,0.01176,0.529754,0.806738,1.262785,NaN,NaN,1.687834,NaN,0.50335,NaN,NaN,NA,AERONET_SEAPRISM,413_441_489_551_668_T869
AS22-00390,22,COVE,2006,12,10,18,7,-75.71,36.9,0,NaN,4.238815,NaN,NaN,NaN,NaN,0.012577,0.529689,0.731314,1.251115,NaN,NaN,1.576937,NaN,0.449067,NaN,NaN,NA,AERONET_SEAPRISM,413_441_489_551_668_T869
AS22-00391,22,COVE,2006,12,10,18,29,-75.71,36.9,0,NaN,5.356377,NaN,NaN,NaN,NaN,0.012861,0.42994,0.639183,1.187717,NaN,NaN,1.636682,NaN,0.458831,NaN,NaN,NA,AERONET_SEAPRISM,413_441_489_551_668_T869
